id,make,make_he,model,variants,year_from,year_to,bolt_count,bolt_spacing,center_bore,rim_size,tire_size_front,source,added_by,created_at,updated_at,model_he,rim_sizes_allowed,source_url
31dc405c-05e9-4133-92eb-660c595d91d2,alfa romeo,אלפא רומיאו,giulietta,ג'וליטה,2010,,5,110.0,65.1,,,import,,2025-12-11 20:13:33.027785+00,2025-12-22 10:59:52.17119+00,,,
50e6c171-1c04-4fc6-9ecd-aba42aa4e8d9,alfa romeo,אלפא רומיאו,mito,מיטו,2008,2018,4,98.0,58.1,,,import,,2025-12-11 20:13:33.027785+00,2025-12-22 10:59:52.17119+00,,,
831831cb-3879-4cb9-851e-afa9f77dbe45,alfa romeo,אלפא רומיאו,stelvio,סטלביו,2017,,5,110.0,65.1,,,import,,2025-12-11 20:13:33.027785+00,2025-12-22 10:59:52.17119+00,,,
01101d22-6062-41a0-a647-03467db4c400,alfa romeo,אלפא רומיאו,giulia,ג'וליה,2015,,5,110.0,65.1,,,import,,2025-12-11 20:13:33.027785+00,2025-12-22 10:59:52.17119+00,,,
221bc55a-4a9d-4b5a-ab7a-34faaa446f3b,audi,אאודי,a1,a1,2010,,5,100.0,57.1,,,import,,2025-12-11 20:13:33.027785+00,2025-12-22 10:53:00.760011+00,,,
f3d7a921-5f60-4dc3-b17c-c2e5630bfad7,audi,אאודי,a3,a3,1996,2003,5,100.0,57.1,,,import,,2025-12-11 20:13:33.027785+00,2025-12-22 10:53:00.760011+00,,,
a6d1897c-c7b2-452c-b41c-6ef9a9ca2da3,audi,אאודי,q2,קיו 2,2016,,5,100.0,57.1,,,import,,2025-12-11 20:13:33.027785+00,2025-12-21 08:05:40.317673+00,,,
02e788a7-8f20-49be-8c26-8737b6921ef5,audi,אאודי,q3,קיו 3,2011,,5,112.0,57.1,,,import,,2025-12-11 20:13:33.027785+00,2025-12-21 08:05:44.496698+00,,,
9b613099-7254-4161-9b90-fbc287eb9d92,audi,אאודי,q5,קיו 5,2008,,5,112.0,66.5,,,import,,2025-12-11 20:13:33.027785+00,2025-12-21 08:05:49.356145+00,,,
a4addf9b-cde0-486b-b766-d9ee0afe641f,audi,אאודי,q7,קיו 7,2005,,5,130.0,71.6,,,import,,2025-12-11 20:13:33.027785+00,2025-12-21 08:05:54.395371+00,,,
2c19bacf-47ef-4a1b-8666-c7c92798e808,audi,אאודי,s3,אס 3,2003,2012,5,112.0,57.1,,,import,,2025-12-14 11:11:09.728549+00,2025-12-14 11:11:09.728549+00,,,
01e5932d-a8ef-4f9c-aa18-4a33980cb69b,audi,אאודי,s3,אס 3,2013,2020,5,112.0,57.1,,,import,,2025-12-14 11:11:09.728549+00,2025-12-14 11:11:09.728549+00,,,
4a865eb1-7ee5-41bf-a0ff-9a84fb0d5119,audi,אאודי,s3,אס 3,2021,,5,112.0,57.1,,,import,,2025-12-14 11:11:09.728549+00,2025-12-14 11:11:09.728549+00,,,
bed06b61-88d9-46ff-af13-a1b3d2b955bf,audi,אאודי,rs3,אר.אס 3,2011,2020,5,112.0,57.1,,,import,,2025-12-14 11:11:09.728549+00,2025-12-14 11:11:09.728549+00,,,
d0632afd-1510-4c00-86fc-c9b402ffea58,audi,אאודי,rs3,אר.אס 3,2021,,5,112.0,57.1,,,import,,2025-12-14 11:11:09.728549+00,2025-12-14 11:11:09.728549+00,,,
81c855eb-eb47-4b48-b4c4-eef46e9340eb,audi,אאודי,s4,אס 4,2001,2008,5,112.0,57.1,,,import,,2025-12-14 11:11:09.728549+00,2025-12-14 11:11:09.728549+00,,,
29182f8b-b2a4-4b53-bc8e-5a9d44beb22f,audi,אאודי,s4,אס 4,2009,2015,5,112.0,66.5,,,import,,2025-12-14 11:11:09.728549+00,2025-12-14 11:11:09.728549+00,,,
deddad69-413e-4686-b06d-5aeb20abda0a,audi,אאודי,s4,אס 4,2016,,5,112.0,66.5,,,import,,2025-12-14 11:11:09.728549+00,2025-12-14 11:11:09.728549+00,,,
484c468a-705d-4fe2-b81d-e4f07f2ca77d,audi,אאודי,rs4,אר.אס 4,2006,2008,5,112.0,57.1,,,import,,2025-12-14 11:11:09.728549+00,2025-12-14 11:11:09.728549+00,,,
c76b659b-1639-4e78-b313-91eaf0e73ad1,audi,אאודי,rs4,אר.אס 4,2013,2015,5,112.0,66.5,,,import,,2025-12-14 11:11:09.728549+00,2025-12-14 11:11:09.728549+00,,,
c8ca4746-72c5-419f-842e-d88fe48a188b,audi,אאודי,rs4,אר.אס 4,2018,,5,112.0,66.5,,,import,,2025-12-14 11:11:09.728549+00,2025-12-14 11:11:09.728549+00,,,
009dc51a-e8cf-45fd-beb0-e9c0bc5020b2,audi,אאודי,s5,אס 5,2007,2016,5,112.0,66.5,,,import,,2025-12-14 11:11:09.728549+00,2025-12-14 11:11:09.728549+00,,,
0cee3f38-32bd-4ac6-8146-931430b60b99,audi,אאודי,s5,אס 5,2017,,5,112.0,66.5,,,import,,2025-12-14 11:11:09.728549+00,2025-12-14 11:11:09.728549+00,,,
7e3ec01c-d4de-4595-a1e3-e1b2f2569bc2,audi,אאודי,rs5,אר.אס 5,2010,2016,5,112.0,66.5,,,import,,2025-12-14 11:11:09.728549+00,2025-12-14 11:11:09.728549+00,,,
b2f888fb-5ea5-426c-9f94-ac22d9318e89,audi,אאודי,rs5,אר.אס 5,2017,,5,112.0,66.5,,,import,,2025-12-14 11:11:09.728549+00,2025-12-14 11:11:09.728549+00,,,
45039966-9166-43a3-b96a-14818170a9b5,audi,אאודי,s6,אס 6,2006,2011,5,112.0,57.1,,,import,,2025-12-14 11:11:09.728549+00,2025-12-14 11:11:09.728549+00,,,
ccaefb79-e085-4d4f-ad12-48ae5f54743e,audi,אאודי,s6,אס 6,2012,2018,5,112.0,66.5,,,import,,2025-12-14 11:11:09.728549+00,2025-12-14 11:11:09.728549+00,,,
e8c9dfd7-8b2e-4c54-a2d4-fd8db931c02b,audi,אאודי,s6,אס 6,2019,,5,112.0,66.5,,,import,,2025-12-14 11:11:09.728549+00,2025-12-14 11:11:09.728549+00,,,
62404911-041b-499e-8938-2356984514e5,audi,אאודי,rs6,אר.אס 6,2008,2010,5,112.0,57.1,,,import,,2025-12-14 11:11:09.728549+00,2025-12-14 11:11:09.728549+00,,,
6b2c5534-238b-4197-b2c1-fe74da6ac3bb,audi,אאודי,rs6,אר.אס 6,2013,2018,5,112.0,66.5,,,import,,2025-12-14 11:11:09.728549+00,2025-12-14 11:11:09.728549+00,,,
0a0503ce-d138-4e9e-b448-e7d630757504,audi,אאודי,rs6,אר.אס 6,2020,,5,112.0,66.5,,,import,,2025-12-14 11:11:09.728549+00,2025-12-14 11:11:09.728549+00,,,
b08bc67d-4588-4411-8407-1cb56399a17b,audi,אאודי,a7,איי 7,2011,2018,5,112.0,66.5,,,import,,2025-12-14 11:11:09.728549+00,2025-12-14 11:11:09.728549+00,,,
90022336-c7a5-4da9-a146-25941cf7f961,audi,אאודי,a7,איי 7,2019,,5,112.0,66.5,,,import,,2025-12-14 11:11:09.728549+00,2025-12-14 11:11:09.728549+00,,,
bca11f92-c637-4b00-956e-f472a781c1ac,audi,אאודי,s7,אס 7,2012,2018,5,112.0,66.5,,,import,,2025-12-14 11:11:09.728549+00,2025-12-14 11:11:09.728549+00,,,
f5e8a1a2-73b7-476d-8add-3f331b2e1f5f,audi,אאודי,s7,אס 7,2019,,5,112.0,66.5,,,import,,2025-12-14 11:11:09.728549+00,2025-12-14 11:11:09.728549+00,,,
eefbc83b-562b-438a-9b75-4296900fd220,audi,אאודי,rs7,אר.אס 7,2013,2018,5,112.0,66.5,,,import,,2025-12-14 11:11:09.728549+00,2025-12-14 11:11:09.728549+00,,,
f3088ccb-7856-4e1f-9531-a4ebd1d94827,audi,אאודי,rs7,אר.אס 7,2020,,5,112.0,66.5,,,import,,2025-12-14 11:11:09.728549+00,2025-12-14 11:11:09.728549+00,,,
81ee7b49-87fd-4b6e-9ccf-22ceb0044f34,audi,אאודי,a8,איי 8,1999,2002,5,112.0,57.1,,,import,,2025-12-14 11:11:09.728549+00,2025-12-14 11:11:09.728549+00,,,
f189a294-ce4d-4f62-809a-126cd4b54a44,audi,אאודי,a8,איי 8,2003,2010,5,112.0,57.1,,,import,,2025-12-14 11:11:09.728549+00,2025-12-14 11:11:09.728549+00,,,
766f6d15-4b59-492a-a0a7-ce1f108d7b7c,audi,אאודי,a8,איי 8,2011,2017,5,112.0,66.5,,,import,,2025-12-14 11:11:09.728549+00,2025-12-14 11:11:09.728549+00,,,
858dadd7-9c09-4793-af1c-bfebe4e5913d,audi,אאודי,a8,איי 8,2018,,5,112.0,66.5,,,import,,2025-12-14 11:11:09.728549+00,2025-12-14 11:11:09.728549+00,,,
b42b19f7-6833-4e8f-a784-27f47c9da26a,audi,אאודי,s8,אס 8,2006,2010,5,112.0,57.1,,,import,,2025-12-14 11:11:09.728549+00,2025-12-14 11:11:09.728549+00,,,
3265445f-9e34-4e0d-be33-c03e3d750fc4,audi,אאודי,s8,אס 8,2012,2017,5,112.0,66.5,,,import,,2025-12-14 11:11:09.728549+00,2025-12-14 11:11:09.728549+00,,,
255e106d-52c3-4475-8fc7-bc99dbe17e15,audi,אאודי,s8,אס 8,2020,,5,112.0,66.5,,,import,,2025-12-14 11:11:09.728549+00,2025-12-14 11:11:09.728549+00,,,
e359f083-512b-43cf-a1d4-6ce9a14a63f3,audi,אאודי,rsq3,אר.אס.קיו 3,2014,2018,5,112.0,57.1,,,import,,2025-12-14 11:11:09.728549+00,2025-12-14 11:11:09.728549+00,,,
855ff98e-a238-4741-b7d9-285ef0e4dbe3,audi,אאודי,rsq3,אר.אס.קיו 3,2020,,5,112.0,57.1,,,import,,2025-12-14 11:11:09.728549+00,2025-12-14 11:11:09.728549+00,,,
0ebd35eb-ae2a-48a6-b127-b2b04c69c5ea,audi,אאודי,q4 e-tron,קיו 4 אי-טרון,2022,,5,112.0,57.1,,,import,,2025-12-14 11:11:09.728549+00,2025-12-14 11:11:09.728549+00,,,
bcdfc47f-7e33-43c1-bf47-aa755b048168,audi,אאודי,sq5,אס.קיו 5,2013,2017,5,112.0,66.5,,,import,,2025-12-14 11:11:09.728549+00,2025-12-14 11:11:09.728549+00,,,
2c896b4d-b4c8-4d57-8c27-97dfab639c35,audi,אאודי,sq5,אס.קיו 5,2018,,5,112.0,66.5,,,import,,2025-12-14 11:11:09.728549+00,2025-12-14 11:11:09.728549+00,,,
feaf48e2-3abd-4b2a-9275-f5195c8c9197,audi,אאודי,sq7,אס.קיו 7,2016,,5,112.0,66.5,,,import,,2025-12-14 11:11:09.728549+00,2025-12-14 11:11:09.728549+00,,,
596d9b0a-2e27-4f90-82b8-3ec11abb9ce2,audi,אאודי,q8,קיו 8,2019,,5,112.0,66.5,,,import,,2025-12-14 11:11:09.728549+00,2025-12-14 11:11:09.728549+00,,,
11b7dc57-c74a-4956-8284-357a4307b0c3,audi,אאודי,sq8,אס.קיו 8,2019,,5,112.0,66.5,,,import,,2025-12-14 11:11:09.728549+00,2025-12-14 11:11:09.728549+00,,,
01c9ad4f-6078-4734-9e0a-daf5e30f3c04,audi,אאודי,rsq8,אר.אס.קיו 8,2020,,5,112.0,66.5,,,import,,2025-12-14 11:11:09.728549+00,2025-12-14 11:11:09.728549+00,,,
f39ba1de-4bb5-4e93-89d5-5c64d6252ea6,audi,אאודי,e-tron,אי-טרון,2019,,5,112.0,66.5,,,import,,2025-12-14 11:11:09.728549+00,2025-12-14 11:11:09.728549+00,,,
fce1bb2f-c93e-4f42-84a6-7d7ebfee8cc3,audi,אאודי,e-tron gt,אי-טרון ג'י.טי,2022,,5,112.0,66.5,,,import,,2025-12-14 11:11:09.728549+00,2025-12-14 11:11:09.728549+00,,,
481c4123-0155-4c0b-8855-8ab2b6440226,audi,אאודי,rs e-tron gt,אר.אס אי-טרון ג'י.טי,2022,,5,112.0,66.5,,,import,,2025-12-14 11:11:09.728549+00,2025-12-14 11:11:09.728549+00,,,
3ec3fde5-ef88-4e0b-b0d3-17d1f9a573ea,audi,אאודי,tt,טי.טי,1998,2006,5,100.0,57.1,,,import,,2025-12-14 11:11:09.728549+00,2025-12-14 11:11:09.728549+00,,,
f6aafb26-28a9-4ddd-94e9-e22f16c7eb6c,audi,אאודי,tt,טי.טי,2007,2014,5,112.0,57.1,,,import,,2025-12-14 11:11:09.728549+00,2025-12-14 11:11:09.728549+00,,,
59fc6e0f-4ba4-4dc7-9637-bc4846e8c275,audi,אאודי,tt,טי.טי,2015,,5,112.0,57.1,,,import,,2025-12-14 11:11:09.728549+00,2025-12-14 11:11:09.728549+00,,,
3d843a15-94e0-4f2f-9358-cfdc51dce5f9,audi,אאודי,tts,טי.טי.אס,2008,2014,5,112.0,57.1,,,import,,2025-12-14 11:11:09.728549+00,2025-12-14 11:11:09.728549+00,,,
2e0fd51d-ef77-4d91-8851-98b6839024a2,audi,אאודי,tts,טי.טי.אס,2015,,5,112.0,57.1,,,import,,2025-12-14 11:11:09.728549+00,2025-12-14 11:11:09.728549+00,,,
83246170-3ba4-4d12-bf68-0ffccb61fc95,audi,אאודי,tt rs,טי.טי אר.אס,2009,2014,5,112.0,57.1,,,import,,2025-12-14 11:11:09.728549+00,2025-12-14 11:11:09.728549+00,,,
f2946f4d-6722-411d-85ff-48d0be44c326,audi,אאודי,tt rs,טי.טי אר.אס,2016,,5,112.0,57.1,,,import,,2025-12-14 11:11:09.728549+00,2025-12-14 11:11:09.728549+00,,,
92fc49ad-4d0a-44f3-850d-fd292daf8984,audi,אאודי,r8,אר 8,2007,2015,5,112.0,57.1,,,import,,2025-12-14 11:11:09.728549+00,2025-12-14 11:11:09.728549+00,,,
bf8a8d1c-713b-4232-8bd8-c6a271307af3,audi,אאודי,r8,אר 8,2016,,5,112.0,57.1,,,import,,2025-12-14 11:11:09.728549+00,2025-12-14 11:11:09.728549+00,,,
ead6285c-f13d-4d42-a090-6eb1df033161,audi,אאודי,a3,a3,2003,,5,112.0,57.1,,,import,,2025-12-11 20:13:33.027785+00,2025-12-22 10:53:00.760011+00,,,
edbe757e-b019-4a2b-9c3e-6c66589bb506,audi,אאודי,a4,a4,1994,2007,5,112.0,57.1,,,import,,2025-12-11 20:13:33.027785+00,2025-12-22 10:53:00.760011+00,,,
d75d477b-fb91-4768-a951-27a3210af6ea,audi,אאודי,a4,a4,2008,,5,112.0,66.5,,,import,,2025-12-11 20:13:33.027785+00,2025-12-22 10:53:00.760011+00,,,
3d6e2713-4394-4364-8f62-54719ec5c930,audi,אאודי,a5,a5,2007,,5,112.0,66.5,,,import,,2025-12-11 20:13:33.027785+00,2025-12-22 10:53:00.760011+00,,,
451e0c25-a81a-4c99-9bb3-1d6a269ed59c,audi,אאודי,a6,a6,1994,,5,112.0,66.5,,,import,,2025-12-11 20:13:33.027785+00,2025-12-22 10:53:00.760011+00,,,
8f03d97f-9a1a-49de-b988-5c73a37c0b75,bentley,בנטלי,continental gt,קונטיננטל,2003,2018,5,130.0,71.6,,,import,,2025-12-14 11:11:09.728549+00,2025-12-14 11:11:09.728549+00,,,
a5b6580e-e69e-4f9a-a9ff-72cfd9a1dafd,bentley,בנטלי,continental gt,קונטיננטל,2019,,5,130.0,71.6,,,import,,2025-12-14 11:11:09.728549+00,2025-12-14 11:11:09.728549+00,,,
7ed08abf-f1dd-49f0-a7a7-c732a4ef8a75,bentley,בנטלי,flying spur,פליינג ספור,2005,2019,5,130.0,71.6,,,import,,2025-12-14 11:11:09.728549+00,2025-12-14 11:11:09.728549+00,,,
3f81bb83-2e58-4b91-97cf-684450a4eae7,bentley,בנטלי,flying spur,פליינג ספור,2020,,5,130.0,71.6,,,import,,2025-12-14 11:11:09.728549+00,2025-12-14 11:11:09.728549+00,,,
aba3f9b8-01da-4a34-af16-e1169f9985f2,bentley,בנטלי,bentayga,בנטייגה,2016,,5,130.0,71.6,,,import,,2025-12-14 11:11:09.728549+00,2025-12-14 11:11:09.728549+00,,,
7b0ab6ca-babc-4563-a2f6-09980f617d72,bmw,ב.מ.וו,1 series,116|118|120|125,2019,,5,112.0,66.5,,,import,,2025-12-11 20:13:33.027785+00,2025-12-22 09:47:22.548352+00,סדרה 1,,
135eb2ba-3466-47c4-ada7-cd55cb851e41,bmw,ב.מ.וו,3 series,318|320|325|330|335,1998,,5,120.0,72.6,,,import,,2025-12-11 20:13:33.027785+00,2025-12-22 09:47:23.28152+00,סדרה 3,,
f7f9c52f-927f-4687-b568-c8508fbaa6c3,bmw,ב.מ.וו,5 series,520|525|530|535|540,2003,,5,120.0,72.6,,,import,,2025-12-11 20:13:33.027785+00,2025-12-22 09:47:23.652147+00,סדרה 5,,
7511fdc6-ee36-4409-83ec-b72b7b23d7f0,bmw,ב.מ.וו,x2,x2,2018,,5,112.0,66.5,,,import,,2025-12-11 20:13:33.027785+00,2025-12-22 10:53:00.760011+00,,,
1442c93a-0dec-492b-9c74-419733296670,bmw,ב.מ.וו,4-series,סדרה 4|420|428|430|435|440,2014,2020,5,120.0,72.6,,,import,,2025-12-14 11:11:09.728549+00,2025-12-14 11:11:09.728549+00,,,
919d1bbb-770c-4d06-a33b-cae0a8461a26,bmw,ב.מ.וו,4-series,סדרה 4|420|428|430|435|440,2021,,5,112.0,66.5,,,import,,2025-12-14 11:11:09.728549+00,2025-12-14 11:11:09.728549+00,,,
fc60c210-9d95-40f5-bb2e-2f08af180a62,bmw,ב.מ.וו,6-series,סדרה 6|630|640|650,2004,2011,5,120.0,72.6,,,import,,2025-12-14 11:11:09.728549+00,2025-12-14 11:11:09.728549+00,,,
c92ec0c5-1aa8-45ae-aa4e-fa147ac9cb8a,bmw,ב.מ.וו,6-series,סדרה 6|630|640|650,2011,2018,5,120.0,72.6,,,import,,2025-12-14 11:11:09.728549+00,2025-12-14 11:11:09.728549+00,,,
c99763a2-1b4c-43b2-9abd-2fa25a377c61,bmw,ב.מ.וו,7-series,סדרה 7|730|740|745|750|760,2002,2008,5,120.0,72.6,,,import,,2025-12-14 11:11:09.728549+00,2025-12-14 11:11:09.728549+00,,,
395f2c46-bff0-41bc-a560-fecb2b929add,bmw,ב.מ.וו,7-series,סדרה 7|730|740|745|750|760,2009,2015,5,120.0,72.6,,,import,,2025-12-14 11:11:09.728549+00,2025-12-14 11:11:09.728549+00,,,
143f39c4-296a-4761-a6d9-196523e08738,bmw,ב.מ.וו,7-series,סדרה 7|730|740|745|750|760,2016,2022,5,112.0,66.5,,,import,,2025-12-14 11:11:09.728549+00,2025-12-14 11:11:09.728549+00,,,
c855600d-f3c2-4b2f-93cb-60c3cb28aeb4,bmw,ב.מ.וו,7-series,סדרה 7|730|740|745|750|760,2023,,5,112.0,66.5,,,import,,2025-12-14 11:11:09.728549+00,2025-12-14 11:11:09.728549+00,,,
9aab54bc-0eb7-4fee-9473-a95f644c4ffa,bmw,ב.מ.וו,8-series,סדרה 8|840|850,2019,,5,112.0,66.5,,,import,,2025-12-14 11:11:09.728549+00,2025-12-14 11:11:09.728549+00,,,
d2cef699-4ba6-484d-9707-deed220cfa28,bmw,ב.מ.וו,m2,מ2,2016,2021,5,120.0,72.6,,,import,,2025-12-14 11:11:09.728549+00,2025-12-14 11:11:09.728549+00,,,
8c4898fc-3e85-490f-b21e-e328ac3dca14,bmw,ב.מ.וו,m2,מ2,2023,,5,112.0,66.5,,,import,,2025-12-14 11:11:09.728549+00,2025-12-14 11:11:09.728549+00,,,
2f3589e5-89c3-4573-b81e-88595cb553f7,bmw,ב.מ.וו,m3,מ3,1998,2005,5,120.0,72.6,,,import,,2025-12-14 11:11:09.728549+00,2025-12-14 11:11:09.728549+00,,,
91d3995d-933b-4356-9cce-3b13bb0544dc,bmw,ב.מ.וו,m3,מ3,2007,2013,5,120.0,72.6,,,import,,2025-12-14 11:11:09.728549+00,2025-12-14 11:11:09.728549+00,,,
604771d1-23b9-42fa-be6e-840e1cd6787b,bmw,ב.מ.וו,m3,מ3,2014,2020,5,120.0,72.6,,,import,,2025-12-14 11:11:09.728549+00,2025-12-14 11:11:09.728549+00,,,
7289ca76-9f72-4bfb-bdde-7a06da68c75a,bmw,ב.מ.וו,m3,מ3,2021,,5,112.0,66.5,,,import,,2025-12-14 11:11:09.728549+00,2025-12-14 11:11:09.728549+00,,,
6a51d332-845d-4349-a3c4-fd7b4b65927b,bmw,ב.מ.וו,m4,מ4,2014,2020,5,120.0,72.6,,,import,,2025-12-14 11:11:09.728549+00,2025-12-14 11:11:09.728549+00,,,
9a1c6f7b-9bcc-46b4-bdcd-b52b575ed7d5,bmw,ב.מ.וו,m4,מ4,2021,,5,112.0,66.5,,,import,,2025-12-14 11:11:09.728549+00,2025-12-14 11:11:09.728549+00,,,
d737ef25-b680-4adf-b035-7c4aca5aefde,bmw,ב.מ.וו,m5,מ5,2005,2010,5,120.0,72.6,,,import,,2025-12-14 11:11:09.728549+00,2025-12-14 11:11:09.728549+00,,,
a2fedb88-8842-4d4d-bd5a-35ee9bb40f5a,bmw,ב.מ.וו,m5,מ5,2011,2017,5,120.0,72.6,,,import,,2025-12-14 11:11:09.728549+00,2025-12-14 11:11:09.728549+00,,,
acb2db12-9fb4-4a30-91ea-e3a799c8f85e,bmw,ב.מ.וו,m5,מ5,2018,,5,112.0,66.5,,,import,,2025-12-14 11:11:09.728549+00,2025-12-14 11:11:09.728549+00,,,
b0547551-9f1a-4b38-8460-703d485d2743,bmw,ב.מ.וו,m6,מ6,2005,2010,5,120.0,72.6,,,import,,2025-12-14 11:11:09.728549+00,2025-12-14 11:11:09.728549+00,,,
fac9ccba-ebd9-4309-95e1-f556d0175eb6,bmw,ב.מ.וו,m6,מ6,2012,2018,5,120.0,72.6,,,import,,2025-12-14 11:11:09.728549+00,2025-12-14 11:11:09.728549+00,,,
053fff68-2e87-4e8a-9dca-22b92f1f231c,bmw,ב.מ.וו,m8,מ8,2019,,5,112.0,66.5,,,import,,2025-12-14 11:11:09.728549+00,2025-12-14 11:11:09.728549+00,,,
40629f3d-3c8f-4f01-816d-a97fd8c7907e,bmw,ב.מ.וו,m135i,מ135,2012,2019,5,120.0,72.6,,,import,,2025-12-14 11:11:09.728549+00,2025-12-14 11:11:09.728549+00,,,
7db9dfe3-9a9f-49c6-ad06-c0d7fb011c47,bmw,ב.מ.וו,m135i,מ135,2019,,5,112.0,66.5,,,import,,2025-12-14 11:11:09.728549+00,2025-12-14 11:11:09.728549+00,,,
b3f7dbb1-96dc-4efa-9a66-824295e5c330,bmw,ב.מ.וו,m235i,מ235,2014,2021,5,120.0,72.6,,,import,,2025-12-14 11:11:09.728549+00,2025-12-14 11:11:09.728549+00,,,
84dc982e-794d-4c05-9285-196ee038dec5,bmw,ב.מ.וו,m240i,מ240,2016,2021,5,120.0,72.6,,,import,,2025-12-14 11:11:09.728549+00,2025-12-14 11:11:09.728549+00,,,
7602e28a-4c35-48b8-8813-62c7cf046290,bmw,ב.מ.וו,m240i,מ240,2022,,5,112.0,66.5,,,import,,2025-12-14 11:11:09.728549+00,2025-12-14 11:11:09.728549+00,,,
087caae8-871b-444e-9edb-375c2ae49a81,bmw,ב.מ.וו,x4,אקס 4,2015,2018,5,120.0,72.6,,,import,,2025-12-14 11:11:09.728549+00,2025-12-14 11:11:09.728549+00,,,
74c49847-c18c-48cf-a000-3933ab7e7f90,bmw,ב.מ.וו,x4,אקס 4,2019,,5,112.0,66.5,,,import,,2025-12-14 11:11:09.728549+00,2025-12-14 11:11:09.728549+00,,,
ca860943-a084-49ac-b1db-ee3c4a612c4e,bmw,ב.מ.וו,x6,אקס 6,2008,2014,5,120.0,74.1,,,import,,2025-12-14 11:11:09.728549+00,2025-12-14 11:11:09.728549+00,,,
eb8d48d6-57f7-4abe-98c9-418c41cf46c9,bmw,ב.מ.וו,x6,אקס 6,2015,2019,5,120.0,74.1,,,import,,2025-12-14 11:11:09.728549+00,2025-12-14 11:11:09.728549+00,,,
743be852-1a40-4d97-ae37-c99cfa834396,bmw,ב.מ.וו,x6,אקס 6,2020,,5,112.0,66.5,,,import,,2025-12-14 11:11:09.728549+00,2025-12-14 11:11:09.728549+00,,,
ca242c98-7b45-42b7-a1ef-f7cca580917c,bmw,ב.מ.וו,x7,אקס 7,2019,,5,112.0,66.5,,,import,,2025-12-14 11:11:09.728549+00,2025-12-14 11:11:09.728549+00,,,
a1117ad5-a481-43b1-bc4a-e7c909129c49,bmw,ב.מ.וו,x3 m,אקס 3 מ,2019,,5,112.0,66.5,,,import,,2025-12-14 11:11:09.728549+00,2025-12-14 11:11:09.728549+00,,,
99aa65be-3525-49aa-84a7-80f25cc14eef,bmw,ב.מ.וו,x4 m,אקס 4 מ,2019,,5,112.0,66.5,,,import,,2025-12-14 11:11:09.728549+00,2025-12-14 11:11:09.728549+00,,,
fe9d3874-6688-43b8-84f6-171eb142d0f9,bmw,ב.מ.וו,x5 m,אקס 5 מ,2010,2013,5,120.0,74.1,,,import,,2025-12-14 11:11:09.728549+00,2025-12-14 11:11:09.728549+00,,,
4bf8cb78-eb9d-4d3f-b56d-385f7d5a8c60,bmw,ב.מ.וו,x5 m,אקס 5 מ,2015,2018,5,120.0,74.1,,,import,,2025-12-14 11:11:09.728549+00,2025-12-14 11:11:09.728549+00,,,
e5ea695f-463d-4741-b27a-91234cb81b2e,bmw,ב.מ.וו,x5 m,אקס 5 מ,2020,,5,112.0,66.5,,,import,,2025-12-14 11:11:09.728549+00,2025-12-14 11:11:09.728549+00,,,
a19de04d-e4e0-46e8-9734-17bcdbacf553,bmw,ב.מ.וו,x6 m,אקס 6 מ,2010,2014,5,120.0,74.1,,,import,,2025-12-14 11:11:09.728549+00,2025-12-14 11:11:09.728549+00,,,
0daa8153-62e1-412b-b2a3-389103343ed1,bmw,ב.מ.וו,x6 m,אקס 6 מ,2015,2019,5,120.0,74.1,,,import,,2025-12-14 11:11:09.728549+00,2025-12-14 11:11:09.728549+00,,,
ffab3734-2e90-4081-be85-9eb5e30b895e,bmw,ב.מ.וו,x6 m,אקס 6 מ,2020,,5,112.0,66.5,,,import,,2025-12-14 11:11:09.728549+00,2025-12-14 11:11:09.728549+00,,,
a687e83c-54f1-4fde-8ec5-d2d73a538061,bmw,ב.מ.וו,i3,אי 3,2014,2022,5,112.0,66.5,,,import,,2025-12-14 11:11:09.728549+00,2025-12-14 11:11:09.728549+00,,,
d559d9fe-483a-4d92-8605-651cd10b67ff,bmw,ב.מ.וו,i4,אי 4,2022,,5,112.0,66.5,,,import,,2025-12-14 11:11:09.728549+00,2025-12-14 11:11:09.728549+00,,,
dabe5b4e-3c37-4076-ae62-7ad27ad28769,bmw,ב.מ.וו,i5,אי 5,2024,,5,112.0,66.5,,,import,,2025-12-14 11:11:09.728549+00,2025-12-14 11:11:09.728549+00,,,
51226c8e-32dc-405a-a74a-dd09fff086a6,bmw,ב.מ.וו,i7,אי 7,2023,,5,112.0,66.5,,,import,,2025-12-14 11:11:09.728549+00,2025-12-14 11:11:09.728549+00,,,
28fd690d-1547-43f3-bd1e-8d00f0d5f348,bmw,ב.מ.וו,ix,אי.אקס,2022,,5,112.0,66.5,,,import,,2025-12-14 11:11:09.728549+00,2025-12-14 11:11:09.728549+00,,,
f13ad6f0-c333-4891-afc3-fa1c23dbcf2f,bmw,ב.מ.וו,ix1,אי.אקס 1,2023,,5,112.0,66.5,,,import,,2025-12-14 11:11:09.728549+00,2025-12-14 11:11:09.728549+00,,,
ec895832-d65d-45c0-a478-63bc2b9e666e,bmw,ב.מ.וו,ix3,אי.אקס 3,2021,,5,112.0,66.5,,,import,,2025-12-14 11:11:09.728549+00,2025-12-14 11:11:09.728549+00,,,
61b83e84-ecc9-4825-8d6d-8db27fb1f2b9,bmw,ב.מ.וו,z3,זד 3,1996,2002,5,120.0,72.6,,,import,,2025-12-14 11:11:09.728549+00,2025-12-14 11:11:09.728549+00,,,
b3ad4d1f-f6ef-4610-80ee-2e936f6762b0,bmw,ב.מ.וו,z4,זד 4,2003,2008,5,120.0,72.6,,,import,,2025-12-14 11:11:09.728549+00,2025-12-14 11:11:09.728549+00,,,
4409c39f-75f3-4cac-a997-fbba3e092c25,bmw,ב.מ.וו,z4,זד 4,2009,2016,5,120.0,72.6,,,import,,2025-12-14 11:11:09.728549+00,2025-12-14 11:11:09.728549+00,,,
76274e5d-951b-4542-8b21-a2ad3c2c693e,bmw,ב.מ.וו,z4,זד 4,2019,,5,112.0,66.5,,,import,,2025-12-14 11:11:09.728549+00,2025-12-14 11:11:09.728549+00,,,
af9ac117-888c-4496-82b6-5db561f866af,bmw,ב.מ.וו,2 series gran coupe,סדרה 2 גראן קופה,2020,,5,112.0,66.5,,,import,,2025-12-14 11:11:09.728549+00,2025-12-14 11:11:09.728549+00,,,
60587224-5166-4dd4-a06a-d897286b1887,bmw,ב.מ.וו,2 series active tourer,סדרה 2 אקטיב טורר,2014,2021,5,112.0,66.5,,,import,,2025-12-14 11:11:09.728549+00,2025-12-14 11:11:09.728549+00,,,
39b6cc40-130f-4f54-a777-c5ed81ee8176,bmw,ב.מ.וו,2 series active tourer,סדרה 2 אקטיב טורר,2022,,5,112.0,66.5,,,import,,2025-12-14 11:11:09.728549+00,2025-12-14 11:11:09.728549+00,,,
e6d2c202-4c01-429f-9ee4-b70eb29a118d,bmw,ב.מ.וו,1 series,116|118|120|125,2004,2019,5,120.0,72.6,,,import,,2025-12-11 20:13:33.027785+00,2025-12-22 09:47:22.120448+00,סדרה 1,,
3015c5a2-ca24-4a98-8aac-a3694b68704c,bmw,ב.מ.וו,2 series,218|220|225,2014,,5,112.0,66.5,,,import,,2025-12-11 20:13:33.027785+00,2025-12-22 09:47:22.904334+00,סדרה 2,,
8a89ba05-49da-41d5-a962-8eb7f088c419,bmw,ב.מ.וו,x1,X1,2009,2015,5,120.0,72.6,,,import,,2025-12-11 20:13:33.027785+00,2025-12-22 10:14:42.713511+00,,,
a9d98ebf-30ac-4487-a9d7-9552f4076fa1,bmw,ב.מ.וו,x1,X1,2015,,5,112.0,66.5,,,import,,2025-12-11 20:13:33.027785+00,2025-12-22 10:14:42.713511+00,,,
7613ff09-a2b2-4156-8f91-e45ff75be8ba,bmw,ב.מ.וו,x3,X3,2003,,5,120.0,72.6,,,import,,2025-12-11 20:13:33.027785+00,2025-12-22 10:14:42.713511+00,,,
bd144306-8822-475c-b6ba-21416754dffe,bmw,ב.מ.וו,x5,X5,2000,,5,120.0,74.1,,,import,,2025-12-11 20:13:33.027785+00,2025-12-22 10:14:42.713511+00,,,
2bbc3d13-ed8f-4c5a-a24e-67a2098cdcef,byd,ביי די,atto 3,atto3|yuan plus,2022,,5,114.3,67.1,,,import,,2025-12-11 20:13:33.027785+00,2025-12-11 20:13:33.027785+00,,,
2d33703b-b1fc-49bf-b386-a0e304ffc49b,byd,ביי די,tang,tang,2018,,5,114.3,67.1,,,import,,2025-12-11 20:13:33.027785+00,2025-12-22 10:53:00.760011+00,,,
36b517c9-26b8-4050-a02f-cb532b642c3f,byd,ביי די,seal,seal,2022,,5,114.3,67.1,,,import,,2025-12-11 20:13:33.027785+00,2025-12-22 10:53:00.760011+00,,,
6b8495f4-c09b-4fc9-9835-fc0d3b65abf0,byd,בי ווי די,atto 3,,2021,,5,114.3,60.1,18,235/50 R18,manual,0583260920,2026-01-03 17:26:38.538986+00,2026-01-03 17:26:38.538986+00,,,
727bc7c5-c7a6-4b18-b362-7386992db653,byd,ביי די,han,han,2020,,5,114.3,67.1,,,import,,2025-12-11 20:13:33.027785+00,2025-12-22 10:53:00.760011+00,,,
a7710282-2054-4cb8-95d0-889156d1b7c4,byd,בי ווי די,atto 3,,2021,,5,114.3,60.1,18,235/50 R18,manual,0583260920,2026-01-03 17:28:24.789007+00,2026-01-03 17:28:24.789007+00,,,
3a055a11-1a9e-48b4-b37e-9857973593a9,cadillac,קדילאק,escalade,אסקלייד,2007,,6,139.7,78.1,,,import,,2025-12-14 11:11:09.728549+00,2025-12-14 11:11:09.728549+00,,,
ec07e923-c1cc-46e9-b58e-72ff7108901c,cadillac,קדילאק,ats,ats,2013,2019,5,115.0,70.3,,,import,,2025-12-14 11:11:09.728549+00,2025-12-22 10:53:00.760011+00,,,
5ab9d95d-f4b4-4e3a-b099-dff0843df24f,cadillac,קדילאק,cts,cts,2008,2019,5,115.0,70.3,,,import,,2025-12-14 11:11:09.728549+00,2025-12-22 10:53:00.760011+00,,,
0e9df42e-a848-4caf-b23b-6b0b47737ecc,cadillac,קדילאק,ct4,ct4,2020,,5,120.0,67.0,,,import,,2025-12-14 11:11:09.728549+00,2025-12-22 10:53:00.760011+00,,,
4a9968ec-50d9-46c1-8162-fa447ac70e82,cadillac,קדילאק,ct5,ct5,2020,,5,120.0,67.0,,,import,,2025-12-14 11:11:09.728549+00,2025-12-22 10:53:00.760011+00,,,
9d688080-7471-45e9-ad62-f83d759bb16c,cadillac,קדילאק,xt4,xt4,2019,,5,110.0,65.0,,,import,,2025-12-14 11:11:09.728549+00,2025-12-22 10:53:00.760011+00,,,
cac113e8-1a18-4076-a89d-36d3e337c073,cadillac,קדילאק,xt5,xt5,2017,,5,120.0,67.0,,,import,,2025-12-14 11:11:09.728549+00,2025-12-22 10:53:00.760011+00,,,
563e9c80-de9b-48d9-abbf-3a7bfadbc197,cadillac,קדילאק,xt6,xt6,2020,,6,120.0,67.0,,,import,,2025-12-14 11:11:09.728549+00,2025-12-22 10:53:00.760011+00,,,
0fc16a2a-ca8a-4821-9279-1c1e58818de2,chery,צ'רי,tiggo 4,tiggo4,2017,,5,108.0,65.1,,,import,,2025-12-11 20:13:33.027785+00,2025-12-11 20:13:33.027785+00,,,
3189989f-652c-4c43-90eb-9330e662e53a,chery,צ'רי,tiggo 7,tiggo7,2016,,5,114.3,60.1,,,import,,2025-12-11 20:13:33.027785+00,2025-12-11 20:13:33.027785+00,,,
96e16baf-f82e-4763-b823-71df3985baa5,chery,צ'רי,tiggo 8,tiggo8,2018,,5,114.3,60.1,,,import,,2025-12-11 20:13:33.027785+00,2025-12-11 20:13:33.027785+00,,,
c2835d22-c5d4-4c31-a285-d11dd91e844a,chevrolet,שברולט,malibu,malibu,2008,,5,120.0,67.1,,,import,,2025-12-11 20:13:33.027785+00,2025-12-22 10:53:00.760011+00,,,
e9158c52-176a-4724-880b-7ac59a7df399,chevrolet,שברולט,captiva,captiva,2006,2018,5,115.0,70.3,,,import,,2025-12-11 20:13:33.027785+00,2025-12-22 10:53:00.760011+00,,,
2cd3170d-5266-405e-93bc-08370db4cee5,chevrolet,שברולט,trax,trax,2012,,5,105.0,56.6,,,import,,2025-12-11 20:13:33.027785+00,2025-12-22 10:53:00.760011+00,,,
df2641cb-ae2d-4d23-ba18-e307e8563247,chevrolet,שברולט,spark,ספארק,2005,,4,100.0,56.6,,,import,,2025-12-11 20:13:33.027785+00,2025-12-22 10:59:52.17119+00,ספארק,,
5dd90b13-64f9-4dbb-9eaf-6dd753177e98,chevrolet,שברולט,aveo,אוואו,2002,,4,100.0,56.6,,,import,,2025-12-11 20:13:33.027785+00,2025-12-22 10:59:52.17119+00,אוואו,,
4e26ba01-8a39-43b4-be1b-5c7fe0af264a,chevrolet,שברולט,cruze,קרוז,2008,,5,105.0,56.6,,,import,,2025-12-11 20:13:33.027785+00,2025-12-22 10:59:52.17119+00,קרוז,,
e927a833-d7c0-4954-946c-bc48d75ee1ef,citroen,סיטרואן,c1,c1,2005,,4,100.0,54.1,,,import,,2025-12-11 20:13:33.027785+00,2025-12-22 10:53:00.760011+00,,,
a213ffde-4fc3-4e5a-bdc7-c67af4bb3bc6,citroen,סיטרואן,c4 cactus,cactus,2014,,4,108.0,65.1,,,import,,2025-12-11 20:13:33.027785+00,2025-12-11 20:13:33.027785+00,,,
a291e0f7-e042-4b47-afeb-01b2393af83b,citroen,סיטרואן,c5 aircross,aircross,2017,,4,108.0,65.1,,,import,,2025-12-11 20:13:33.027785+00,2025-12-11 20:13:33.027785+00,,,
505e7663-3558-4fac-a430-b974b6f00606,citroen,סיטרואן,c-elysee,c elysee|celysee,2012,,4,108.0,65.1,,,import,,2025-12-11 20:13:33.027785+00,2025-12-11 20:13:33.027785+00,,,
51476d2d-c32a-4dc2-9d07-3268a999076e,citroen,סיטרואן,berlingo,ברלינגו,2008,,4,108.0,65.1,,,import,,2025-12-11 20:13:33.027785+00,2025-12-22 10:59:52.17119+00,ברלינגו,,
0f0be91e-c1ab-472c-b447-3b38f08fe6e4,citroen,סיטרואן,c3,C3,2002,,4,108.0,65.1,,,import,,2025-12-11 20:13:33.027785+00,2025-12-22 10:14:42.713511+00,,,
640256ac-a9f6-4d68-a7ad-35900737e3dd,citroen,סיטרואן,c4,C4,2004,,4,108.0,65.1,,,import,,2025-12-11 20:13:33.027785+00,2025-12-22 10:14:42.713511+00,,,
9783cfc2-7f7a-4100-8cd4-58070c1b3fce,cupra,קופרה,leon,לאון,2020,,5,112.0,57.1,,,import,,2025-12-11 20:13:33.027785+00,2025-12-22 10:59:52.17119+00,לאון,,
193c03ea-47de-4b88-9535-7202ca168d07,cupra,קופרה,formentor,formentor,2020,,5,112.0,57.1,,,import,,2025-12-11 20:13:33.027785+00,2025-12-22 10:53:00.760011+00,,,
f8dc71b0-de81-4516-8968-3f7a6d57acb5,cupra,קופרה,born,born,2021,,5,112.0,57.1,,,import,,2025-12-11 20:13:33.027785+00,2025-12-22 10:53:00.760011+00,,,
52c038c2-ab08-4d0f-9136-62635c2d3249,dacia,דאצ'יה,sandero,סנדרו,2008,,4,100.0,60.1,,,import,,2025-12-11 20:13:33.027785+00,2025-12-22 10:59:52.17119+00,סנדרו,,
da71c42a-be72-4a06-b55d-46dfb3cd79f4,dacia,דאצ'יה,duster,דאסטר,2010,,5,114.3,66.1,,,import,,2025-12-11 20:13:33.027785+00,2025-12-22 10:59:52.17119+00,דאסטר,,
a6f5438e-ca01-417d-9632-e27a8ce747d2,dacia,דאצ'יה,logan,לוג'אן,2004,,4,100.0,60.1,,,import,,2025-12-11 20:13:33.027785+00,2025-12-22 10:59:52.17119+00,לוג'אן,,
1c264d69-5b18-4865-be65-35db17b6e4bf,daihatsu,דייהטסו,sirion,sirion,1998,,4,100.0,54.1,,,import,,2025-12-11 20:13:33.027785+00,2025-12-22 10:53:00.760011+00,,,
38b565db-f6c8-42e9-8a7f-49e85b9bfea2,daihatsu,דייהטסו,terios,terios,1997,,5,114.3,66.1,,,import,,2025-12-11 20:13:33.027785+00,2025-12-22 10:53:00.760011+00,,,
44abf0fb-0a26-423d-b46f-a95402fb26e2,daihatsu,דייהטסו,materia,materia,2006,2012,4,100.0,54.1,,,import,,2025-12-11 20:13:33.027785+00,2025-12-22 10:53:00.760011+00,,,
fc78f79b-266b-4077-ba5a-870d5aca07c8,dodge,דודג',ram 1500,ram|ram1500,2002,2018,5,139.7,77.8,,,import,,2025-12-11 20:13:33.027785+00,2025-12-11 20:13:33.027785+00,,,
5800f298-6d1c-4728-b94a-f59754312670,dodge,דודג',ram 1500,ram|ram1500,2019,,6,139.7,77.8,,,import,,2025-12-11 20:13:33.027785+00,2025-12-11 20:13:33.027785+00,,,
2cab6851-a9e9-413e-b89f-e529df27be0b,dodge,דודג',journey,journey,2008,2020,5,114.3,71.5,,,import,,2025-12-11 20:13:33.027785+00,2025-12-22 10:53:00.760011+00,,,
2e4bb391-f0f2-4b6c-95a1-22da41a52ccb,dodge,דודג',nitro,nitro,2007,2012,5,114.3,71.5,,,import,,2025-12-11 20:13:33.027785+00,2025-12-22 10:53:00.760011+00,,,
b950904d-5951-4cd2-8e57-aede59ac0348,dongfeng,דונגפנג סין,nammi box,,2025,,4,108.0,65.1,17,215/55R17,manual,0583260920,2026-01-04 21:10:18.012326+00,2026-01-04 21:10:18.012326+00,,,
a5f2fd4a-4cea-446d-aafc-1112116321d1,fiat,פיאט,500,cinquecento,2007,,4,98.0,58.1,,,import,,2025-12-11 20:13:33.027785+00,2025-12-11 20:13:33.027785+00,,,
01664303-547b-4cbe-ac2c-47c6d251c773,fiat,פיאט,qubo,qubo,2007,2021,4,98.0,58.1,,,import,,2025-12-11 20:13:33.027785+00,2025-12-22 10:53:00.760011+00,,,
7811b84e-f49b-4c75-b7c1-fd9aba6e0e07,fiat,פיאט,doblo,doblo,2000,,4,98.0,58.1,,,import,,2025-12-11 20:13:33.027785+00,2025-12-22 10:53:00.760011+00,,,
828c02ba-96bc-4b59-b94c-b62e7f27bd30,fiat,פיאט,panda,פנדה,2003,,4,98.0,58.1,,,import,,2025-12-11 20:13:33.027785+00,2025-12-22 10:59:52.17119+00,פנדה,,
8423414a-6c0f-4f8d-96c6-49247dbc3876,fiat,פיאט,punto,פונטו,1999,2018,4,98.0,58.1,,,import,,2025-12-11 20:13:33.027785+00,2025-12-22 10:59:52.17119+00,פונטו,,
f52402b0-1ea1-408d-8534-b6b5fe729795,fiat,פיאט,tipo,טיפו,2015,,5,98.0,58.1,,,import,,2025-12-11 20:13:33.027785+00,2025-12-22 10:59:52.17119+00,טיפו,,
0ca804ca-f5e3-48ae-8a29-37a129e9c368,ford,פורד,ecosport,ecosport,2013,,4,108.0,63.4,,,import,,2025-12-11 20:13:33.027785+00,2025-12-22 10:53:00.760011+00,,,
79232c23-d86e-44ac-bf82-8bfc40f24d14,ford,פורד,fiesta,פיאסטה,2002,,4,108.0,63.4,,,import,,2025-12-11 20:13:33.027785+00,2025-12-22 10:59:52.17119+00,פיאסטה,,
0592dcd4-fb1c-4687-af92-0913d5760085,ford,פורד,focus,פוקוס,1998,2010,4,108.0,63.4,,,import,,2025-12-11 20:13:33.027785+00,2025-12-22 10:59:52.17119+00,פוקוס,,
03772d32-a2ca-4a1e-87c7-1ddda7785a2f,ford,פורד,focus,פוקוס,2011,,5,108.0,63.4,16,205/55,import,,2025-12-11 20:13:33.027785+00,2025-12-23 16:55:06.513399+00,פוקוס,,
845b1b57-2934-4dc9-a662-5352a481e213,ford,פורד,puma,פומה,2019,,5,108.0,63.4,,,import,,2025-12-11 20:13:33.027785+00,2025-12-22 10:59:52.17119+00,פומה,,
c49b809d-8265-4ca1-8d52-93b1512e188e,ford,פורד,kuga,קוגה,2008,,5,108.0,63.4,,,import,,2025-12-11 20:13:33.027785+00,2025-12-22 10:59:52.17119+00,קוגה,,
92e405a9-fb87-4057-93d6-c2b26ffcf619,geely,ג'ילי,coolray,proton x50,2019,,5,108.0,63.4,,,import,,2025-12-11 20:13:33.027785+00,2025-12-11 20:13:33.027785+00,,,
c568f687-785f-4215-9fac-f91b4426ec43,geely,ג'ילי,atlas,atlas,2016,,5,114.3,60.1,,,import,,2025-12-11 20:13:33.027785+00,2025-12-22 10:53:00.760011+00,,,
e88cb692-b9a1-4ade-8855-8daf6a7597f6,geely,ג'ילי,emgrand,emgrand,2009,,5,114.3,60.1,,,import,,2025-12-11 20:13:33.027785+00,2025-12-22 10:53:00.760011+00,,,
b501d2ac-c7cb-4c37-991c-ca99ac27a1e6,honda,הונדה,civic,סיוויק,2006,,5,114.3,64.1,,,import,,2025-12-11 20:13:33.027785+00,2025-12-22 10:59:52.17119+00,סיוויק,,
41912e31-1a84-4fef-a2a7-f605a731c524,honda,הונדה,jazz,ג'אז,2001,,4,100.0,56.1,,,import,,2025-12-11 20:13:33.027785+00,2025-12-22 10:59:52.17119+00,ג'אז,,
4f2d781a-9063-4172-9ded-8b3a9558cc2a,honda,הונדה,hr-v,hrv,2014,,5,114.3,64.1,,,import,,2025-12-11 20:13:33.027785+00,2025-12-11 20:13:33.027785+00,,,
df6ee56f-45f6-4987-905d-d65f49d803fa,honda,הונדה,cr-v,crv,2002,,5,114.3,64.1,,,import,,2025-12-11 20:13:33.027785+00,2025-12-11 20:13:33.027785+00,,,
7eb7bdce-99ab-4c59-b05c-b7033b3654c1,honda,הונדה,insight,insight,1999,2014,4,100.0,56.1,,,import,,2025-12-11 20:13:33.027785+00,2025-12-22 10:53:00.760011+00,,,
6d81e678-c851-4d8b-9e22-ee461760b15c,honda,הונדה,insight,insight,2018,,5,114.3,64.1,,,import,,2025-12-11 20:13:33.027785+00,2025-12-22 10:53:00.760011+00,,,
78e78e57-b19a-49d6-826a-f82326ba33b2,hyundai,יונדאי,elantra,אלנטרה,2007,,5,114.3,67.1,,,import,,2025-12-11 20:13:33.027785+00,2025-12-22 10:59:52.17119+00,אלנטרה,,
c4a5c261-0ac3-428d-9b30-4b4e45130b92,hyundai,יונדאי,tucson,טוסון,2004,,5,114.3,67.1,,,import,,2025-12-11 20:13:33.027785+00,2025-12-22 10:59:52.17119+00,טוסון,,
06688c12-5634-42a6-9f74-3ce8d730d923,hyundai,יונדאי,santa fe,סנטה פה,2006,,5,114.3,67.1,,,import,,2025-12-11 20:13:33.027785+00,2025-12-22 10:59:52.17119+00,סנטה פה,,
dc3ee8a5-5545-4545-b2b7-9c04f192b630,hyundai,יונדאי,kona,קונה,2017,,5,114.3,67.1,,,import,,2025-12-11 20:13:33.027785+00,2025-12-22 10:59:52.17119+00,קונה,,
42b52466-e46e-4040-bf2d-84d68d3524ec,hyundai,יונדאי,ioniq,איוניק,2016,,5,114.3,67.1,,,import,,2025-12-11 20:13:33.027785+00,2025-12-22 10:59:52.17119+00,איוניק,,
35876111-cafe-4758-9524-8352359602d6,hyundai,יונדאי,bayon,bayon,2021,,4,100.0,54.1,,,import,,2025-12-11 20:13:33.027785+00,2025-12-22 10:53:00.760011+00,,,
2cf9f7fd-0827-492c-8ce6-eaf626ece3d5,hyundai,יונדאי,venue,venue,2019,,5,114.3,67.1,,,import,,2025-12-11 20:13:33.027785+00,2025-12-22 10:53:00.760011+00,,,
1fa1f651-b0ec-4446-9d25-25ac2f27383f,hyundai,יונדאי,ioniq 5,ioniq5,2021,,5,114.3,67.1,,,import,,2025-12-11 20:13:33.027785+00,2025-12-11 20:13:33.027785+00,,,
92968563-59f3-43db-8f28-f9ac9429a21d,hyundai,יונדאי,ioniq 6,ioniq6,2022,,5,114.3,67.1,,,import,,2025-12-11 20:13:33.027785+00,2025-12-11 20:13:33.027785+00,,,
ac6bb8e1-c53a-4463-99bd-d7bd2186135c,hyundai,יונדאי,ix35,איי איקס 35,2010,,5,114.3,67.1,,,manual,admin-manual,2025-12-25 14:02:26.110129+00,2025-12-25 14:02:26.110129+00,,,
28edf934-a41e-4e35-b308-d5a5d05d81ed,hyundai,יונדאי,i10,i10,2008,,4,100.0,54.1,,,import,,2025-12-11 20:13:33.027785+00,2025-12-22 10:14:42.713511+00,,,
7e70a2f7-bfc0-4902-9161-46990362ccbf,hyundai,יונדאי,i20,i20,2008,2020,4,100.0,54.1,,,import,,2025-12-11 20:13:33.027785+00,2025-12-22 10:14:42.713511+00,,,
7889af58-13a9-4afa-853d-03c846dacd91,hyundai,יונדאי,i20,i20,2020,,5,114.3,67.1,,,import,,2025-12-11 20:13:33.027785+00,2025-12-22 10:14:42.713511+00,,,
afbe5e2f-4ea0-4f6d-acab-a337ae980c3b,hyundai,יונדאי,i30,i30,2007,,5,114.3,67.1,,,import,,2025-12-11 20:13:33.027785+00,2025-12-22 10:14:42.713511+00,,,
7f87c2e1-98f3-49cc-b72a-8bc3e1d759a5,hyundai,יונדאי,sonata (סונטה),sonata (סונטה),2018,2018,5,114.3,67.1,17,215/55R17,manual,0583260920,2025-12-21 21:48:11.643623+00,2025-12-22 10:53:00.760011+00,,,
6e03f74b-b457-4da0-9aa4-4834645e3d03,infiniti,אינפיניטי,qx70,fx35|fx50,2008,2017,5,114.3,66.1,,,import,,2025-12-14 11:11:09.728549+00,2025-12-14 11:11:09.728549+00,,,
457ec00e-577b-4b0b-b7b3-73593b32e2b7,infiniti,אינפיניטי,q30,q30,2015,2019,5,112.0,66.6,,,import,,2025-12-14 11:11:09.728549+00,2025-12-22 10:53:00.760011+00,,,
1152de1d-4953-4262-96a2-9d32973c4f27,infiniti,אינפיניטי,q50,q50,2014,,5,114.3,66.1,,,import,,2025-12-14 11:11:09.728549+00,2025-12-22 10:53:00.760011+00,,,
ec18fb84-7eeb-49b9-a92f-b634ac559920,infiniti,אינפיניטי,q60,q60,2017,,5,114.3,66.1,,,import,,2025-12-14 11:11:09.728549+00,2025-12-22 10:53:00.760011+00,,,
05129199-71d2-4098-bdcc-8912d18ba19a,infiniti,אינפיניטי,q70,q70,2014,2019,5,114.3,66.1,,,import,,2025-12-14 11:11:09.728549+00,2025-12-22 10:53:00.760011+00,,,
21f1f2ed-b378-4d44-90b5-6f63c7394480,infiniti,אינפיניטי,qx30,qx30,2016,2019,5,112.0,66.6,,,import,,2025-12-14 11:11:09.728549+00,2025-12-22 10:53:00.760011+00,,,
5abba50b-2b7f-4f52-a0b9-a1904fded64c,infiniti,אינפיניטי,qx50,qx50,2014,,5,114.3,66.1,,,import,,2025-12-14 11:11:09.728549+00,2025-12-22 10:53:00.760011+00,,,
4faf5786-03a2-40f9-8985-4b6369ab25e3,infiniti,אינפיניטי,qx60,qx60,2014,,5,114.3,66.1,,,import,,2025-12-14 11:11:09.728549+00,2025-12-22 10:53:00.760011+00,,,
4189e802-2492-4a54-bf8e-c5ad848b38e3,infiniti,אינפיניטי,qx80,qx80,2010,,6,139.7,78.1,,,import,,2025-12-14 11:11:09.728549+00,2025-12-22 10:53:00.760011+00,,,
ac935d17-f13b-4a4d-8df4-06f0122ec4b3,isuzu,איסוזו,d-max,dmax,2002,,6,139.7,106.0,,,import,,2025-12-11 20:13:33.027785+00,2025-12-11 20:13:33.027785+00,,,
fbc0cfae-b6e4-49ce-8d52-34cd575520b1,jaguar,יגואר,xe,xe,2015,,5,108.0,63.4,,,import,,2025-12-14 11:11:09.728549+00,2025-12-22 10:53:00.760011+00,,,
15a65a70-0fad-4670-a793-f6896bd1636a,jaguar,יגואר,f-type,ftype|f type,2013,,5,108.0,63.4,,,import,,2025-12-14 11:11:09.728549+00,2025-12-14 11:11:09.728549+00,,,
625c1ee2-d1d7-4bbb-897f-78b927467642,jaguar,יגואר,e-pace,epace|e pace,2018,,5,108.0,63.4,,,import,,2025-12-14 11:11:09.728549+00,2025-12-14 11:11:09.728549+00,,,
83bff104-e3e6-403f-bf77-91a58631a441,jaguar,יגואר,f-pace,fpace|f pace,2016,,5,108.0,63.4,,,import,,2025-12-14 11:11:09.728549+00,2025-12-14 11:11:09.728549+00,,,
45ef80cb-2519-409e-814f-d857d5d3e95c,jaguar,יגואר,i-pace,ipace|i pace,2018,,5,108.0,63.4,,,import,,2025-12-14 11:11:09.728549+00,2025-12-14 11:11:09.728549+00,,,
9d507aef-cede-4d8d-83ee-6418a5048a6b,jaguar,יגואר,xf,xf,2008,2015,5,108.0,63.4,,,import,,2025-12-14 11:11:09.728549+00,2025-12-22 10:53:00.760011+00,,,
ab21698c-15f7-4d2f-aaea-8cdbf283245d,jaguar,יגואר,xf,xf,2016,,5,108.0,63.4,,,import,,2025-12-14 11:11:09.728549+00,2025-12-22 10:53:00.760011+00,,,
43126ea0-4235-440f-8126-8efaeff54dbe,jaguar,יגואר,xj,xj,2003,2009,5,108.0,63.4,,,import,,2025-12-14 11:11:09.728549+00,2025-12-22 10:53:00.760011+00,,,
486b774b-b97d-4b24-8875-2384e1adb473,jaguar,יגואר,xj,xj,2010,2019,5,108.0,63.4,,,import,,2025-12-14 11:11:09.728549+00,2025-12-22 10:53:00.760011+00,,,
34c1c167-31fe-4741-bfd9-9f88b2e8c582,jeep,ג'יפ,wrangler,רנגלר,2007,,5,127.0,71.5,,,import,,2025-12-11 20:13:33.027785+00,2025-12-22 10:59:52.17119+00,רנגלר,,
b30cd5b9-538d-4108-97eb-a1e7801c214d,jeep,ג'יפ,compass,קומפאס,2007,2016,5,114.3,67.1,,,import,,2025-12-11 20:13:33.027785+00,2025-12-22 10:59:52.17119+00,קומפאס,,
b2a01633-e347-438e-bc87-70987a81d85c,jeep,ג'יפ,compass,קומפאס,2017,,5,110.0,65.1,,,import,,2025-12-11 20:13:33.027785+00,2025-12-22 10:59:52.17119+00,קומפאס,,
6b6ba5c3-782d-496d-a95d-ab2e24bd3571,jeep,ג'יפ,renegade,רנגייד,2014,,5,110.0,65.1,,,import,,2025-12-11 20:13:33.027785+00,2025-12-22 10:59:52.17119+00,רנגייד,,
c4d60f6e-0526-4fce-91ac-0d865eb342bd,jeep,ג'יפ,cherokee,צ'רוקי,2008,2013,5,114.3,71.5,,,import,,2025-12-11 20:13:33.027785+00,2025-12-22 10:59:52.17119+00,צ'רוקי,,
f80e0598-db83-4d59-ab04-a10fc73e675a,jeep,ג'יפ,cherokee,צ'רוקי,2014,,5,110.0,65.1,,,import,,2025-12-11 20:13:33.027785+00,2025-12-22 10:59:52.17119+00,צ'רוקי,,
2ee435aa-7a26-4ab7-a626-9ab179f9ed7a,jeep,ג'יפ,grand cherokee,גרנד צ'רוקי,2011,,5,127.0,71.5,,,import,,2025-12-11 20:13:33.027785+00,2025-12-22 10:59:52.17119+00,גרנד צ'רוקי,,
c917801f-bf05-4da8-b11a-2aefe4c20e89,jeep,ג'יפ,grand cherokee,גרנד צ'רוקי,2005,2010,5,127.0,71.5,,,import,,2025-12-11 20:13:33.027785+00,2025-12-22 10:59:52.17119+00,גרנד צ'רוקי,,
c76cc253-3248-4b32-9579-a3b1cd963c9e,kia,קיה,picanto,פיקנטו,2004,,4,100.0,54.1,,,import,,2025-12-11 20:13:33.027785+00,2025-12-22 10:59:52.17119+00,פיקנטו,,
022c04bb-5520-4135-8292-0f79a1c64de0,kia,קיה,rio,ריו,2005,,4,100.0,54.1,,,import,,2025-12-11 20:13:33.027785+00,2025-12-22 10:59:52.17119+00,ריו,,
825615f5-0259-444b-99f8-f5fd92464a2e,kia,קיה,sorento,סורנטו,2002,,5,114.3,67.1,,,import,,2025-12-11 20:13:33.027785+00,2025-12-22 10:59:52.17119+00,סורנטו,,
ee17b590-3b52-4a71-ac73-203f89edade3,kia,קיה,sportage,ספורטאז',2004,,5,114.3,67.1,,,import,,2025-12-11 20:13:33.027785+00,2025-12-22 10:59:52.17119+00,ספורטאז',,
50c9d57e-609c-4a3b-8606-4c720a2722b4,kia,קיה,ceed,סיד,2006,,5,114.3,67.1,,,import,,2025-12-11 20:13:33.027785+00,2025-12-22 10:59:52.17119+00,סיד,,
6ca4eacf-a9b9-42a8-a66f-6f046c6df6e4,kia,קיה,niro,נירו,2016,,5,114.3,67.1,,,import,,2025-12-11 20:13:33.027785+00,2025-12-22 10:59:52.17119+00,נירו,,
789db473-34ed-42d3-ab9e-a43d5a7df643,kia,קיה,stonic,סטוניק,2017,,5,114.3,67.1,,,import,,2025-12-11 20:13:33.027785+00,2025-12-22 10:59:52.17119+00,סטוניק,,
b6152d6f-938e-457a-9923-be07e8b3bc1e,kia,קיה,carens,rondo,2006,,5,114.3,67.1,,,import,,2025-12-11 20:13:33.027785+00,2025-12-11 20:13:33.027785+00,,,
fb952ded-52b6-4658-bab0-4600641b5519,kia,קיה,ev6,ev6,2021,,5,114.3,67.1,,,import,,2025-12-11 20:13:33.027785+00,2025-12-22 10:53:00.760011+00,,,
9fea74a5-4a74-4ebc-a30b-5c87f50680e6,kia,קיה,xceed,xceed,2019,,5,114.3,67.1,,,import,,2025-12-11 20:13:33.027785+00,2025-12-22 10:53:00.760011+00,,,
2d95c4be-144c-4d83-85bc-d175b5ef1216,kia,קיה,carnival,קרניבל,1999,,5,114.3,67.1,,,import,,2025-12-11 20:13:33.027785+00,2025-12-22 10:59:52.17119+00,קרניבל,,
4b8847b9-2dc9-46ff-8711-98cf35a8defb,kia,קיה,soul,סול,2009,,5,114.3,67.1,,,import,,2025-12-11 20:13:33.027785+00,2025-12-22 10:14:42.713511+00,סול,,
c2b3ddca-59a9-46ed-a226-8001b1813911,land rover,לנד רובר,discovery sport,discovery,2014,,5,114.3,72.6,,,import,,2025-12-11 20:13:33.027785+00,2025-12-11 20:13:33.027785+00,,,
9f358b94-46ae-4514-b7f9-4c10cb5a27f3,land rover,לנד רובר,range rover evoque,evoque,2011,,5,114.3,72.6,,,import,,2025-12-11 20:13:33.027785+00,2025-12-11 20:13:33.027785+00,,,
9ac6e241-cd49-4384-9b4b-e642dfff265d,land rover,לנד רובר,freelander,freelander,2006,2014,5,114.3,64.1,,,import,,2025-12-11 20:13:33.027785+00,2025-12-22 10:53:00.760011+00,,,
d2a8ed2f-eaae-4b43-b9de-32d1c1e1c3de,land rover,לנד רובר,range rover sport,range rover sport,2005,,5,120.0,72.6,,,import,,2025-12-11 20:13:33.027785+00,2025-12-22 10:53:00.760011+00,,,
788ea5fe-58b6-4364-ba17-ca9b539b3470,lexus,לקסוס,ct,ct200h,2011,,5,100.0,54.1,,,import,,2025-12-11 20:13:33.027785+00,2025-12-11 20:13:33.027785+00,,,
da27826f-166b-42fa-8ef8-a8ebdde4a56f,lexus,לקסוס,is,is200|is250|is300,2005,,5,114.3,60.1,,,import,,2025-12-11 20:13:33.027785+00,2025-12-11 20:13:33.027785+00,,,
25e252d3-eba8-424d-ae9c-c9b6dc3b531f,lexus,לקסוס,es,es250|es300|es350,2006,,5,114.3,60.1,,,import,,2025-12-11 20:13:33.027785+00,2025-12-11 20:13:33.027785+00,,,
8da2affd-3d56-4371-8f0f-9be4804cecb9,lexus,לקסוס,nx,nx200|nx300,2014,,5,114.3,60.1,,,import,,2025-12-11 20:13:33.027785+00,2025-12-11 20:13:33.027785+00,,,
a082c29b-c8a9-4531-8b4e-358b68d9faa7,lexus,לקסוס,rx,rx300|rx350,2003,,5,114.3,60.1,,,import,,2025-12-11 20:13:33.027785+00,2025-12-11 20:13:33.027785+00,,,
5d84d9db-0338-4cbb-aac6-7f848b6ebfbe,lexus,לקסוס,ux,ux200|ux250h,2018,,5,114.3,60.1,,,import,,2025-12-11 20:13:33.027785+00,2025-12-11 20:13:33.027785+00,,,
2f6f5013-e886-4566-be90-d4eddf845941,lincoln,לינקולן,continental,קונטיננטל,2017,2020,5,114.3,67.1,,,import,,2025-12-14 11:11:09.728549+00,2025-12-14 11:11:09.728549+00,,,
608662c8-5d1f-4287-96ab-205e7aa0af1b,lincoln,לינקולן,navigator,נוויגייטור,2007,,6,135.0,87.1,,,import,,2025-12-14 11:11:09.728549+00,2025-12-14 11:11:09.728549+00,,,
864c1987-0065-499d-85c8-3597729174de,lincoln,לינקולן,aviator,אביאטור,2020,,5,114.3,64.1,,,import,,2025-12-14 11:11:09.728549+00,2025-12-14 11:11:09.728549+00,,,
6a79f257-d118-4a57-8b30-a036406c662f,lincoln,לינקולן,corsair,קורסייר,2020,,5,108.0,63.4,,,import,,2025-12-14 11:11:09.728549+00,2025-12-14 11:11:09.728549+00,,,
4ada3e51-156e-4607-9d87-50a72a840349,lincoln,לינקולן,mkz,mkz,2013,2020,5,114.3,67.1,,,import,,2025-12-14 11:11:09.728549+00,2025-12-22 10:53:00.760011+00,,,
28521637-6902-4a28-9fda-2686943056bb,maserati,מזראטי,ghibli,גיבלי,2013,,5,114.3,67.1,,,import,,2025-12-14 11:11:09.728549+00,2025-12-14 11:11:09.728549+00,,,
6f002604-88e2-4c9c-8eaf-8a3c11ed914e,maserati,מזראטי,quattroporte,קוואטרופורטה,2004,2012,5,114.3,67.1,,,import,,2025-12-14 11:11:09.728549+00,2025-12-14 11:11:09.728549+00,,,
6af693b2-3bad-47a0-924a-6958510f58c8,maserati,מזראטי,quattroporte,קוואטרופורטה,2013,,5,114.3,67.1,,,import,,2025-12-14 11:11:09.728549+00,2025-12-14 11:11:09.728549+00,,,
c682034c-5a40-44ea-b186-16716af90420,maserati,מזראטי,levante,לוואנטה,2016,,5,114.3,67.1,,,import,,2025-12-14 11:11:09.728549+00,2025-12-14 11:11:09.728549+00,,,
7fcb9f1b-21c4-489b-8c49-d7657d089ec8,maserati,מזראטי,grecale,גרקאלה,2022,,5,112.0,66.5,,,import,,2025-12-14 11:11:09.728549+00,2025-12-14 11:11:09.728549+00,,,
403cfa07-a0c4-41cb-94b2-60dc0d3cb7d5,mazda,מזדה,2,mazda2,2007,,4,100.0,54.1,,,import,,2025-12-11 20:13:33.027785+00,2025-12-11 20:13:33.027785+00,,,
90858ea0-1081-4d0d-815b-65f43da98487,mazda,מזדה,3,mazda3,2003,,5,114.3,67.1,,,import,,2025-12-11 20:13:33.027785+00,2025-12-11 20:13:33.027785+00,,,
21568596-3dae-479f-93b3-be1743c8f4f0,mazda,מזדה,6,mazda6,2002,,5,114.3,67.1,,,import,,2025-12-11 20:13:33.027785+00,2025-12-11 20:13:33.027785+00,,,
111aaaa5-29a8-4159-aae6-cc41e5c67a99,mazda,מזדה,cx-3,cx3,2015,,5,114.3,67.1,,,import,,2025-12-11 20:13:33.027785+00,2025-12-11 20:13:33.027785+00,,,
11a62644-0326-40c5-afa8-48b6261b853c,mazda,מזדה,cx-5,cx5,2011,,5,114.3,67.1,,,import,,2025-12-11 20:13:33.027785+00,2025-12-11 20:13:33.027785+00,,,
2fcfc452-fd42-4dcb-a48e-4753e9614fe2,mazda,מזדה,cx-30,cx30,2019,,5,114.3,67.1,,,import,,2025-12-11 20:13:33.027785+00,2025-12-11 20:13:33.027785+00,,,
bc00ad50-04ff-4fb1-8c6c-c79587ae96cd,mercedes,מרצדס,a-class,a150|a180|a200|a250,2004,2012,5,112.0,66.5,,,import,,2025-12-11 20:13:33.027785+00,2025-12-22 09:47:39.050515+00,A קלאס,,
70415738-4e1c-49d8-9d8b-e25d568593ff,mercedes,מרצדס,a-class,a150|a180|a200|a250,2012,,5,112.0,66.6,,,import,,2025-12-11 20:13:33.027785+00,2025-12-22 09:47:39.588262+00,A קלאס,,
ce1be060-1a00-4890-be03-01d7463bead3,mercedes,מרצדס,b-class,b150|b180|b200,2005,2011,5,112.0,66.5,,,import,,2025-12-11 20:13:33.027785+00,2025-12-22 09:47:39.94322+00,B קלאס,,
431554bc-74f8-4f53-9700-3bca6cf3cb6d,mercedes,מרצדס,c-class,c180|c200|c220|c250|c300,2000,,5,112.0,66.6,,,import,,2025-12-11 20:13:33.027785+00,2025-12-22 09:47:40.631835+00,C קלאס,,
726b947d-b3bb-46aa-9470-03c6fb7c7baa,mercedes,מרצדס,cla,cla180|cla200|cla250,2013,,5,112.0,66.6,,,import,,2025-12-11 20:13:33.027785+00,2025-12-11 20:13:33.027785+00,,,
5d129e7e-d9a6-49a2-b856-49511526fa16,mercedes,מרצדס,e-class,e200|e220|e250|e300|e350,2002,,5,112.0,66.6,,,import,,2025-12-11 20:13:33.027785+00,2025-12-22 09:47:40.997915+00,E קלאס,,
dbe1da5d-304b-4986-9c7a-259f7608834c,mercedes,מרצדס,gla,gla180|gla200|gla250,2014,,5,112.0,66.6,,,import,,2025-12-11 20:13:33.027785+00,2025-12-11 20:13:33.027785+00,,,
26bbca57-b60b-4793-9ac4-267c178e93b0,mercedes,מרצדס,glb,glb180|glb200|glb250,2019,,5,112.0,66.6,,,import,,2025-12-11 20:13:33.027785+00,2025-12-11 20:13:33.027785+00,,,
c00392bf-86a3-409c-b10c-90fcb1c0d9a2,mercedes,מרצדס,glc,glc200|glc250|glc300,2015,,5,112.0,66.6,,,import,,2025-12-11 20:13:33.027785+00,2025-12-11 20:13:33.027785+00,,,
bcf8c936-9a38-4e60-b9cf-a33c106e3bb9,mercedes,מרצדס,gle,gle250|gle300|gle350,2015,,5,112.0,66.6,,,import,,2025-12-11 20:13:33.027785+00,2025-12-11 20:13:33.027785+00,,,
d6a6bbd9-3176-44ee-9521-2599d7c6e3fe,mercedes,מרצדס,vito,ויטו,2003,,5,112.0,66.6,,,import,,2025-12-11 20:13:33.027785+00,2025-12-22 10:59:52.17119+00,ויטו,,
06b38176-718a-4bb6-8e15-a39144f9ce02,mercedes,מרצדס,sprinter,ספרינטר,2006,,6,130.0,84.1,,,import,,2025-12-11 20:13:33.027785+00,2025-12-22 10:59:52.17119+00,ספרינטר,,
23bb2660-be15-4b1e-9415-7d7006b268a7,mercedes,מרצדס,b-class,b150|b180|b200,2011,,5,112.0,66.6,,,import,,2025-12-11 20:13:33.027785+00,2025-12-22 09:47:40.297617+00,B קלאס,,
8f385ce9-6116-4a93-905d-52b508ea1ab5,mercedes-benz,מרצדס,a35 amg,a35 אמג,2019,,5,112.0,66.6,,,import,,2025-12-14 11:11:09.728549+00,2025-12-14 11:11:09.728549+00,,,
9fe1e1df-169c-4eb7-8b5d-9687e3644eee,mercedes-benz,מרצדס,a45 amg,a45 אמג,2014,2018,5,112.0,66.6,,,import,,2025-12-14 11:11:09.728549+00,2025-12-14 11:11:09.728549+00,,,
2c96e87a-f159-4761-a7ce-70e8c83a88dc,mercedes-benz,מרצדס,a45 amg,a45 אמג,2019,,5,112.0,66.6,,,import,,2025-12-14 11:11:09.728549+00,2025-12-14 11:11:09.728549+00,,,
6f0faa2e-47f6-477c-8480-a8c6b17a28e8,mercedes-benz,מרצדס,c43 amg,c43 אמג,2016,,5,112.0,66.6,,,import,,2025-12-14 11:11:09.728549+00,2025-12-14 11:11:09.728549+00,,,
2b3511cf-0553-4273-9f44-cf3108e8f9ee,mercedes-benz,מרצדס,c63 amg,c63 אמג,2008,2014,5,112.0,66.6,,,import,,2025-12-14 11:11:09.728549+00,2025-12-14 11:11:09.728549+00,,,
d7716a80-ceab-46eb-ba85-6c0886848f98,mercedes-benz,מרצדס,c63 amg,c63 אמג,2015,2021,5,112.0,66.6,,,import,,2025-12-14 11:11:09.728549+00,2025-12-14 11:11:09.728549+00,,,
79125b08-b8f2-4fe6-80b9-0809b64a0e60,mercedes-benz,מרצדס,c63 amg,c63 אמג,2022,,5,112.0,66.6,,,import,,2025-12-14 11:11:09.728549+00,2025-12-14 11:11:09.728549+00,,,
3aa7eb84-0d8e-4fad-b034-073d4459cc9d,mercedes-benz,מרצדס,cla35 amg,cla35 אמג,2020,,5,112.0,66.6,,,import,,2025-12-14 11:11:09.728549+00,2025-12-14 11:11:09.728549+00,,,
776f618c-691f-43cb-a16b-3f41fa28cdd1,mercedes-benz,מרצדס,cla45 amg,cla45 אמג,2014,2019,5,112.0,66.6,,,import,,2025-12-14 11:11:09.728549+00,2025-12-14 11:11:09.728549+00,,,
999d47bd-02b7-4dd1-889e-51d0f4de1228,mercedes-benz,מרצדס,cla45 amg,cla45 אמג,2020,,5,112.0,66.6,,,import,,2025-12-14 11:11:09.728549+00,2025-12-14 11:11:09.728549+00,,,
da8bd871-f7b1-4e7b-8a6c-07929c62ae03,mercedes-benz,מרצדס,cls,סי.אל.אס|cls350|cls400|cls500|cls550,2005,2010,5,112.0,66.6,,,import,,2025-12-14 11:11:09.728549+00,2025-12-14 11:11:09.728549+00,,,
db8de421-38af-49ed-a3bd-451b903964fe,mercedes-benz,מרצדס,cls,סי.אל.אס|cls350|cls400|cls500|cls550,2011,2017,5,112.0,66.6,,,import,,2025-12-14 11:11:09.728549+00,2025-12-14 11:11:09.728549+00,,,
23659732-1b61-4e82-904c-82e3eb4b7221,mercedes-benz,מרצדס,cls,סי.אל.אס|cls350|cls400|cls500|cls550,2018,,5,112.0,66.6,,,import,,2025-12-14 11:11:09.728549+00,2025-12-14 11:11:09.728549+00,,,
18d540e2-6314-4c15-add8-26c1e75bd1ed,mercedes-benz,מרצדס,e43 amg,e43 אמג,2017,2021,5,112.0,66.6,,,import,,2025-12-14 11:11:09.728549+00,2025-12-14 11:11:09.728549+00,,,
34f2e26e-2f82-4dbe-b79e-75a71d08c1bb,mercedes-benz,מרצדס,e53 amg,e53 אמג,2019,,5,112.0,66.6,,,import,,2025-12-14 11:11:09.728549+00,2025-12-14 11:11:09.728549+00,,,
39ff7f3e-5a36-4643-942d-23197d8ac1dd,mercedes-benz,מרצדס,e63 amg,e63 אמג,2007,2009,5,112.0,66.6,,,import,,2025-12-14 11:11:09.728549+00,2025-12-14 11:11:09.728549+00,,,
0933ab13-9c64-4fbe-94a4-b8b9e00c5c3c,mercedes-benz,מרצדס,e63 amg,e63 אמג,2010,2016,5,112.0,66.6,,,import,,2025-12-14 11:11:09.728549+00,2025-12-14 11:11:09.728549+00,,,
ee520359-5976-4184-8d00-887ba1a61e7b,mercedes-benz,מרצדס,e63 amg,e63 אמג,2017,,5,112.0,66.6,,,import,,2025-12-14 11:11:09.728549+00,2025-12-14 11:11:09.728549+00,,,
965646c1-fb92-452b-b856-498042e5f270,mercedes-benz,מרצדס,s-class,מחלקה S|s350|s400|s450|s500|s550|s560|s580|s600,1998,2005,5,112.0,66.6,,,import,,2025-12-14 11:11:09.728549+00,2025-12-14 11:11:09.728549+00,,,
b547db71-a5b9-4531-9b24-db0e79fb6b4c,mercedes-benz,מרצדס,s-class,מחלקה S|s350|s400|s450|s500|s550|s560|s580|s600,2006,2013,5,112.0,66.6,,,import,,2025-12-14 11:11:09.728549+00,2025-12-14 11:11:09.728549+00,,,
f2d744b7-6318-4830-b77e-1177540473d8,mercedes-benz,מרצדס,s-class,מחלקה S|s350|s400|s450|s500|s550|s560|s580|s600,2014,2020,5,112.0,66.6,,,import,,2025-12-14 11:11:09.728549+00,2025-12-14 11:11:09.728549+00,,,
292e670b-d2f9-4b09-8525-737f4f395c62,mercedes-benz,מרצדס,s-class,מחלקה S|s350|s400|s450|s500|s550|s560|s580|s600,2021,,5,112.0,66.6,,,import,,2025-12-14 11:11:09.728549+00,2025-12-14 11:11:09.728549+00,,,
0e08eb89-a700-45fa-963f-c1c52195ccd1,mercedes-benz,מרצדס,s63 amg,s63 אמג,2007,2013,5,112.0,66.6,,,import,,2025-12-14 11:11:09.728549+00,2025-12-14 11:11:09.728549+00,,,
071b32d6-3ed6-43bc-bcc9-c108e4b1d9b3,mercedes-benz,מרצדס,s63 amg,s63 אמג,2014,2020,5,112.0,66.6,,,import,,2025-12-14 11:11:09.728549+00,2025-12-14 11:11:09.728549+00,,,
4986f065-76b6-4b82-b6d7-9b8f5dee0ca9,mercedes-benz,מרצדס,s63 amg,s63 אמג,2021,,5,112.0,66.6,,,import,,2025-12-14 11:11:09.728549+00,2025-12-14 11:11:09.728549+00,,,
0d486eba-6801-4cb6-bf7a-e343176fd811,mercedes-benz,מרצדס,gla35 amg,gla35 אמג,2020,,5,112.0,66.6,,,import,,2025-12-14 11:11:09.728549+00,2025-12-14 11:11:09.728549+00,,,
d08b9a2b-0bee-4551-b611-23029131eec6,mercedes-benz,מרצדס,gla45 amg,gla45 אמג,2015,2019,5,112.0,66.6,,,import,,2025-12-14 11:11:09.728549+00,2025-12-14 11:11:09.728549+00,,,
4f088acd-6d2f-499e-a091-0dc5f1aef029,mercedes-benz,מרצדס,gla45 amg,gla45 אמג,2020,,5,112.0,66.6,,,import,,2025-12-14 11:11:09.728549+00,2025-12-14 11:11:09.728549+00,,,
aeddd7ef-08b1-4e22-8874-6d41193cb987,mercedes-benz,מרצדס,glb35 amg,glb35 אמג,2020,,5,112.0,66.6,,,import,,2025-12-14 11:11:09.728549+00,2025-12-14 11:11:09.728549+00,,,
6623b384-f921-4d2a-97dc-6d7f56a2ca69,mercedes-benz,מרצדס,glc43 amg,glc43 אמג,2017,,5,112.0,66.6,,,import,,2025-12-14 11:11:09.728549+00,2025-12-14 11:11:09.728549+00,,,
f1028af3-1556-4e70-bfea-bc24955a3e8a,mercedes-benz,מרצדס,glc63 amg,glc63 אמג,2018,,5,112.0,66.6,,,import,,2025-12-14 11:11:09.728549+00,2025-12-14 11:11:09.728549+00,,,
736635b5-876a-421b-9fe1-7aee1a85eee8,mercedes-benz,מרצדס,gle43 amg,gle43 אמג,2016,2019,5,112.0,66.6,,,import,,2025-12-14 11:11:09.728549+00,2025-12-14 11:11:09.728549+00,,,
5e500587-c9ba-4a16-a7e8-9ade8984243d,mercedes-benz,מרצדס,gle53 amg,gle53 אמג,2020,,5,112.0,66.6,,,import,,2025-12-14 11:11:09.728549+00,2025-12-14 11:11:09.728549+00,,,
df77017f-07c6-4be2-b6d4-cd159cd01860,mercedes-benz,מרצדס,gle63 amg,gle63 אמג,2016,2019,5,112.0,66.6,,,import,,2025-12-14 11:11:09.728549+00,2025-12-14 11:11:09.728549+00,,,
6adb4f10-aafc-4b2f-9004-5904c9b558a4,mercedes-benz,מרצדס,gle63 amg,gle63 אמג,2020,,5,112.0,66.6,,,import,,2025-12-14 11:11:09.728549+00,2025-12-14 11:11:09.728549+00,,,
7b312273-03ed-4253-9079-6011476c4c49,mercedes-benz,מרצדס,gls,ג'י.אל.אס|gls350|gls400|gls450|gls500|gls580,2016,2019,5,112.0,66.6,,,import,,2025-12-14 11:11:09.728549+00,2025-12-14 11:11:09.728549+00,,,
886a3571-fb59-4cd4-8b26-5f8c0d8cba49,mercedes-benz,מרצדס,gls,ג'י.אל.אס|gls350|gls400|gls450|gls500|gls580,2020,,5,112.0,66.6,,,import,,2025-12-14 11:11:09.728549+00,2025-12-14 11:11:09.728549+00,,,
c211dc28-0cbd-47f5-a5b3-8e0a2c92fd14,mercedes-benz,מרצדס,gls63 amg,gls63 אמג,2016,2019,5,112.0,66.6,,,import,,2025-12-14 11:11:09.728549+00,2025-12-14 11:11:09.728549+00,,,
01addf25-1281-43a0-9a23-47984167b4e4,mercedes-benz,מרצדס,gls63 amg,gls63 אמג,2020,,5,112.0,66.6,,,import,,2025-12-14 11:11:09.728549+00,2025-12-14 11:11:09.728549+00,,,
1d38827e-4d5c-4bfb-9be4-71ad7d6c81e8,mercedes-benz,מרצדס,g-class,מחלקה G|g350|g400|g500|g550|g63,1990,2018,5,130.0,84.1,,,import,,2025-12-14 11:11:09.728549+00,2025-12-14 11:11:09.728549+00,,,
c56b28fd-ef43-45d6-9198-ca8376b1535a,mercedes-benz,מרצדס,g-class,מחלקה G|g350|g400|g500|g550|g63,2019,,5,130.0,84.1,,,import,,2025-12-14 11:11:09.728549+00,2025-12-14 11:11:09.728549+00,,,
8592e73a-3f76-4216-a7f4-3d1a12b407db,mercedes-benz,מרצדס,g63 amg,g63 אמג,2012,2018,5,130.0,84.1,,,import,,2025-12-14 11:11:09.728549+00,2025-12-14 11:11:09.728549+00,,,
7dcc6be2-b184-4ed2-bf23-9cd58ae52e12,mercedes-benz,מרצדס,g63 amg,g63 אמג,2019,,5,130.0,84.1,,,import,,2025-12-14 11:11:09.728549+00,2025-12-14 11:11:09.728549+00,,,
38db40a0-6d4f-4fa2-922a-4952bc2979c7,mercedes-benz,מרצדס,eqa,אי.קיו.איי,2021,,5,112.0,66.6,,,import,,2025-12-14 11:11:09.728549+00,2025-12-14 11:11:09.728549+00,,,
87d508b5-d42b-42b7-9cd1-67623c3d2755,mercedes-benz,מרצדס,eqb,אי.קיו.בי,2022,,5,112.0,66.6,,,import,,2025-12-14 11:11:09.728549+00,2025-12-14 11:11:09.728549+00,,,
01e27b6d-2e7d-4eaf-935a-4bd7fb64391f,mercedes-benz,מרצדס,eqc,אי.קיו.סי,2019,,5,112.0,66.6,,,import,,2025-12-14 11:11:09.728549+00,2025-12-14 11:11:09.728549+00,,,
07f63090-f0e6-48e8-8149-3ea79ba6cac4,mercedes-benz,מרצדס,eqe,אי.קיו.אי,2022,,5,112.0,66.6,,,import,,2025-12-14 11:11:09.728549+00,2025-12-14 11:11:09.728549+00,,,
c8e05bdb-7c05-46d0-9fe1-4567fd231fe6,mercedes-benz,מרצדס,eqs,אי.קיו.אס,2022,,5,112.0,66.6,,,import,,2025-12-14 11:11:09.728549+00,2025-12-14 11:11:09.728549+00,,,
60d307dd-e6e0-413f-adff-80d59e3a7077,mercedes-benz,מרצדס,amg gt,אמג ג'י.טי,2015,,5,112.0,66.6,,,import,,2025-12-14 11:11:09.728549+00,2025-12-14 11:11:09.728549+00,,,
fffceb5b-a76b-4277-baba-6d1dc286ad10,mercedes-benz,מרצדס,sl,אס.אל|sl400|sl500|sl550|sl63,2012,,5,112.0,66.6,,,import,,2025-12-14 11:11:09.728549+00,2025-12-14 11:11:09.728549+00,,,
87f602c1-260b-426d-865d-a89ad989e0b5,mercedes-benz,מרצדס,slc,אס.אל.סי|slk,2011,2020,5,112.0,66.6,,,import,,2025-12-14 11:11:09.728549+00,2025-12-14 11:11:09.728549+00,,,
4bdc089b-adf5-4108-a167-2b4dd81d742a,mg,אם ג'י,zs,zs,2017,,5,114.3,67.1,,,import,,2025-12-11 20:13:33.027785+00,2025-12-22 10:53:00.760011+00,,,
13c7fe60-f158-4686-b2d7-b3875086c1c8,mg,אם ג'י,hs,hs,2018,,5,114.3,67.1,,,import,,2025-12-11 20:13:33.027785+00,2025-12-22 10:53:00.760011+00,,,
ad3ba2ca-75aa-4ae4-8b05-e8b9c7405259,mg,אם ג'י,marvel r,marvel r,2021,,5,114.3,67.1,,,import,,2025-12-11 20:13:33.027785+00,2025-12-22 10:53:00.760011+00,,,
2002e37f-24f9-4874-b5d8-3e9e01e397fc,mg,אם ג'י,ehs,ehs,2020,,5,114.3,67.1,,,import,,2025-12-11 20:13:33.027785+00,2025-12-22 10:53:00.760011+00,,,
c9ff5129-3257-4dd3-b5ac-43965d230373,mini,מיני,clubman,clubman,2015,,5,112.0,66.5,,,import,,2025-12-11 20:13:33.027785+00,2025-12-22 10:53:00.760011+00,,,
7ca449da-472a-4ff6-b80b-caefc9259132,mini,מיני,cooper,קופר,2001,2013,4,100.0,56.1,,,import,,2025-12-11 20:13:33.027785+00,2025-12-22 10:59:52.17119+00,,,
837cc575-99b0-4624-86fb-7460e000b7e2,mini,מיני,cooper,קופר,2014,,5,112.0,66.5,,,import,,2025-12-11 20:13:33.027785+00,2025-12-22 10:59:52.17119+00,,,
f024cee8-4f91-4e9c-bf5b-a4c2082ef04d,mini,מיני,countryman,קאנטרימן,2010,2016,5,120.0,72.6,,,import,,2025-12-11 20:13:33.027785+00,2025-12-22 10:59:52.17119+00,,,
39576f49-8f6f-4514-89c9-985fd3258189,mini,מיני,countryman,קאנטרימן,2017,,5,112.0,66.5,,,import,,2025-12-11 20:13:33.027785+00,2025-12-22 10:59:52.17119+00,,,
c291561b-fda6-4943-95ca-32f670d82687,mitsubishi,מיצובישי,space star,spacestar|mirage,2012,,4,100.0,56.1,,,import,,2025-12-11 20:13:33.027785+00,2025-12-11 20:13:33.027785+00,,,
21972cd0-f188-4d17-9a71-b068041cd43c,mitsubishi,מיצובישי,eclipse cross,eclipse,2017,,5,114.3,67.1,,,import,,2025-12-11 20:13:33.027785+00,2025-12-11 20:13:33.027785+00,,,
0c8dd2df-987b-4d89-8f4d-7d1d71662e05,mitsubishi,מיצובישי,lancer,לנסר,2003,2017,5,114.3,67.1,,,import,,2025-12-11 20:13:33.027785+00,2025-12-22 10:59:52.17119+00,לנסר,,
a1663d05-4af2-490e-923c-ce85d2947f1d,mitsubishi,מיצובישי,outlander,אאוטלנדר,2006,,5,114.3,67.1,,,import,,2025-12-11 20:13:33.027785+00,2025-12-22 10:59:52.17119+00,אאוטלנדר,,
e66daec6-99a4-40a0-8dbd-450bd2343d00,mitsubishi,מיצובישי,pajero,פאג'רו,1999,,6,139.7,67.1,,,import,,2025-12-11 20:13:33.027785+00,2025-12-22 10:59:52.17119+00,פאג'רו,,
175616ea-e04e-4f8b-afe5-b50f09b6c62e,mitsubishi,מיצובישי,asx,ASX,2010,,5,114.3,67.1,,,import,,2025-12-11 20:13:33.027785+00,2025-12-22 10:14:42.713511+00,,,
786eea3e-02d8-4dd1-961c-f7011c40dcef,nissan,ניסאן,note,נוט,2004,,4,100.0,60.1,,,import,,2025-12-11 20:13:33.027785+00,2025-12-21 08:03:48.023787+00,,,
9cd49925-45fc-45c8-bb45-f541052d2958,nissan,ניסאן,pulsar,pulsar,2014,2018,5,114.3,66.1,,,import,,2025-12-11 20:13:33.027785+00,2025-12-22 10:53:00.760011+00,,,
1c716a57-7f88-4557-a984-7abe3e47e6c2,nissan,ניסאן,kicks,kicks,2016,,5,114.3,66.1,,,import,,2025-12-11 20:13:33.027785+00,2025-12-22 10:53:00.760011+00,,,
df44a006-169d-44b5-8284-fe1c554516b3,nissan,ניסאן,ariya,ariya,2021,,5,114.3,66.1,,,import,,2025-12-11 20:13:33.027785+00,2025-12-22 10:53:00.760011+00,,,
857427b7-3ffd-49df-9f63-dbfba55c9c5a,nissan,ניסאן,micra,מיקרה,1982,,4,100.0,60.1,,,import,,2025-12-11 20:13:33.027785+00,2025-12-22 10:59:52.17119+00,מיקרה,,
03e6fd81-65cc-4356-a48b-7622c3d63b76,nissan,ניסאן,juke,ג'וק,2010,,5,114.3,66.1,,,import,,2025-12-11 20:13:33.027785+00,2025-12-22 10:59:52.17119+00,ג'וק,,
ee90f9e1-5a0b-42de-abdd-d1b5c6efcf91,nissan,ניסאן,qashqai,קשקאי,2007,,5,114.3,66.1,,,import,,2025-12-11 20:13:33.027785+00,2025-12-22 10:59:52.17119+00,קשקאי,,
38decbce-e877-43bd-807f-2535fb16c279,nissan,ניסאן,x-trail,אקס-טרייל,2007,,5,114.3,66.1,,,import,,2025-12-11 20:13:33.027785+00,2025-12-22 10:59:52.17119+00,אקס-טרייל,,
6db17b57-d61d-4a30-8e56-30a1dc55e0a9,nissan,ניסאן,leaf,ליף,2010,,5,114.3,66.1,,,import,,2025-12-11 20:13:33.027785+00,2025-12-22 10:59:52.17119+00,ליף,,
7d49493b-6e61-49ca-8e1c-669241b03019,nissan,ניסאן,navara,נבארה,2004,,6,114.3,66.1,,,import,,2025-12-11 20:13:33.027785+00,2025-12-22 10:14:42.713511+00,נבארה,,
01b970e5-1a87-4b0d-8b80-da41217a3086,nissan,ניסאן,x-trail,איקס טרייל,2017,2026,5,114.3,,,,manual,admin-manual,2025-12-25 10:34:12.021799+00,2025-12-25 10:34:12.021799+00,,,
0be22c58-4b77-4a5d-8c4b-729c46336fea,opel,אופל,corsa,קורסה,2006,2019,4,100.0,56.6,,,import,,2025-12-11 20:13:33.027785+00,2025-12-22 10:59:52.17119+00,קורסה,,
613dbde1-944d-4954-b8f3-fe46f55a75c2,opel,אופל,corsa,קורסה,2019,,4,108.0,65.1,,,import,,2025-12-11 20:13:33.027785+00,2025-12-22 10:59:52.17119+00,קורסה,,
7abaa6cf-cfdd-4af6-ba87-1ee0fd526091,opel,אופל,astra,אסטרה,2004,2021,5,110.0,65.1,,,import,,2025-12-11 20:13:33.027785+00,2025-12-22 10:59:52.17119+00,אסטרה,,
68699910-3458-45e7-bb17-3d0e07f3f649,opel,אופל,astra,אסטרה,2021,,4,108.0,65.1,,,import,,2025-12-11 20:13:33.027785+00,2025-12-22 10:59:52.17119+00,אסטרה,,
2993940d-9fb1-40e8-9de7-67401fc1c5f2,opel,אופל,crossland,קרוסלנד,2017,,4,108.0,65.1,,,import,,2025-12-11 20:13:33.027785+00,2025-12-22 10:59:52.17119+00,קרוסלנד,,
08fb6eb7-1961-43eb-9426-30a6d287a7d6,opel,אופל,grandland,גרנדלנד,2017,,4,108.0,65.1,,,import,,2025-12-11 20:13:33.027785+00,2025-12-22 10:59:52.17119+00,גרנדלנד,,
9bb5485a-b5a4-4a91-8995-52710d2ad89e,peugeot,פיג'ו,107,107,2005,2014,4,100.0,54.1,,,import,,2025-12-11 20:13:33.027785+00,2025-12-22 10:53:00.760011+00,,,
af70448e-657c-4a74-b370-37c214924959,peugeot,פיג'ו,108,108,2014,,4,100.0,54.1,,,import,,2025-12-11 20:13:33.027785+00,2025-12-22 10:53:00.760011+00,,,
089ec8eb-7b0a-422a-9b9e-6f1f8b77ec1b,peugeot,פיג'ו,208,208,2012,,4,108.0,65.1,,,import,,2025-12-11 20:13:33.027785+00,2025-12-22 10:14:42.713511+00,,,
1fc99cea-d760-4b4a-830a-a2da8f764904,peugeot,פיג'ו,308,308,2007,,4,108.0,65.1,,,import,,2025-12-11 20:13:33.027785+00,2025-12-22 10:14:42.713511+00,,,
2cb8b90b-c2e7-4287-a089-2c499823c855,peugeot,פיג'ו,2008,2008,2013,,4,108.0,65.1,,,import,,2025-12-11 20:13:33.027785+00,2025-12-22 10:14:42.713511+00,,,
99f66699-4378-43ff-9c89-c80c9eeaebc8,peugeot,פיג'ו,3008,3008,2009,,4,108.0,65.1,,,import,,2025-12-11 20:13:33.027785+00,2025-12-22 10:14:42.713511+00,,,
1b0fa26a-fd22-44bb-b066-0c058956083e,peugeot,פיג'ו,5008,5008,2009,,4,108.0,65.1,,,import,,2025-12-11 20:13:33.027785+00,2025-12-22 10:14:42.713511+00,,,
b31a67d2-fe34-4dbd-8120-fa2a379bb081,porsche,פורשה,911,קארארה|טורבו|gt3|gt2,1998,2004,5,130.0,71.6,,,import,,2025-12-14 11:11:09.728549+00,2025-12-14 11:11:09.728549+00,,,
8c66089a-2f09-4211-9948-9adf972a763d,porsche,פורשה,911,קארארה|טורבו|gt3|gt2,2005,2011,5,130.0,71.6,,,import,,2025-12-14 11:11:09.728549+00,2025-12-14 11:11:09.728549+00,,,
2e8a0ec2-78cf-41fa-9176-3d555bddca61,porsche,פורשה,911,קארארה|טורבו|gt3|gt2,2012,2018,5,130.0,71.6,,,import,,2025-12-14 11:11:09.728549+00,2025-12-14 11:11:09.728549+00,,,
b5d4b882-73db-4a4e-99ef-1cf66da56bb1,porsche,פורשה,911,קארארה|טורבו|gt3|gt2,2019,,5,130.0,71.6,,,import,,2025-12-14 11:11:09.728549+00,2025-12-14 11:11:09.728549+00,,,
d1733d4e-e0e5-4a22-a164-8cd4dbb6ef84,porsche,פורשה,boxster,בוקסטר,1996,2004,5,130.0,71.6,,,import,,2025-12-14 11:11:09.728549+00,2025-12-14 11:11:09.728549+00,,,
81a86046-b4f0-4975-929d-10ba8e7282f5,porsche,פורשה,boxster,בוקסטר,2005,2012,5,130.0,71.6,,,import,,2025-12-14 11:11:09.728549+00,2025-12-14 11:11:09.728549+00,,,
21b9f3de-b416-4c76-b843-c4d522517903,porsche,פורשה,boxster,בוקסטר|718 boxster,2012,,5,130.0,71.6,,,import,,2025-12-14 11:11:09.728549+00,2025-12-14 11:11:09.728549+00,,,
f0c36cd8-ef0b-482a-a693-b51aa6e7209d,porsche,פורשה,cayman,קיימן,2005,2012,5,130.0,71.6,,,import,,2025-12-14 11:11:09.728549+00,2025-12-14 11:11:09.728549+00,,,
8a79457b-5387-4239-b762-e32e512673b3,porsche,פורשה,cayman,קיימן|718 cayman,2012,,5,130.0,71.6,,,import,,2025-12-14 11:11:09.728549+00,2025-12-14 11:11:09.728549+00,,,
2acafd9f-9321-471f-bc8a-eefa2f0de1c8,porsche,פורשה,cayenne,קאיין,2002,2010,5,130.0,71.6,,,import,,2025-12-14 11:11:09.728549+00,2025-12-22 10:59:52.17119+00,,,
2ef377cf-d50b-440e-8d48-081d8650912b,porsche,פורשה,cayenne,קאיין,2011,2017,5,130.0,71.6,,,import,,2025-12-14 11:11:09.728549+00,2025-12-22 10:59:52.17119+00,,,
a7e4165b-d9fe-432e-9fab-b4bcff176a7b,porsche,פורשה,cayenne,קאיין,2018,,5,130.0,71.6,,,import,,2025-12-14 11:11:09.728549+00,2025-12-22 10:59:52.17119+00,,,
7d8eb0ac-4e85-47a7-b164-fac5ac98c4aa,porsche,פורשה,macan,מאקאן,2014,,5,112.0,66.5,,,import,,2025-12-14 11:11:09.728549+00,2025-12-22 10:59:52.17119+00,,,
69b6af49-b5db-487c-99d2-b13aab5a52a1,porsche,פורשה,panamera,פנמרה,2010,2016,5,130.0,71.6,,,import,,2025-12-14 11:11:09.728549+00,2025-12-22 10:59:52.17119+00,,,
1afb5a29-644e-43d0-981a-59b4a8cc3fcc,porsche,פורשה,panamera,פנמרה,2017,,5,130.0,71.6,,,import,,2025-12-14 11:11:09.728549+00,2025-12-22 10:59:52.17119+00,,,
30dbec8f-d6a6-4ac2-824c-5c3b020fb8d5,porsche,פורשה,taycan,טייקאן,2020,,5,130.0,71.6,,,import,,2025-12-14 11:11:09.728549+00,2025-12-22 10:59:52.17119+00,,,
6960084b-0a93-4de2-84db-078401b9740a,renault,רנו,clio,קליאו,1998,,4,100.0,60.1,,,import,,2025-12-11 20:13:33.027785+00,2025-12-22 10:59:52.17119+00,קליאו,,
5cd3be68-09fe-43af-9ece-a57105949ae1,renault,רנו טורקיה,clio,קליאו,2019,,4,100.0,60.1,16,195/55R16,manual,,2025-12-11 20:21:26.348312+00,2025-12-22 10:59:52.17119+00,קליאו,,
23b768a6-cfd8-4200-a340-0f4affc5bd1b,renault,רנו,megane,מגאן,1995,2008,4,100.0,60.1,,,import,,2025-12-11 20:13:33.027785+00,2025-12-22 10:59:52.17119+00,מגאן,,
8bdeba0e-f587-419a-b26a-6aa21cbd830d,renault,רנו,megane,מגאן,2008,,5,114.3,66.1,,,import,,2025-12-11 20:13:33.027785+00,2025-12-22 10:59:52.17119+00,מגאן,,
60ccb28f-a385-43df-8bb1-cb47c6b249de,renault,רנו,captur,קפצ'ור,2013,,4,100.0,60.1,,,import,,2025-12-11 20:13:33.027785+00,2025-12-22 10:59:52.17119+00,קפצ'ור,,
2d8cb768-1f68-438c-b555-8de5727283e2,renault,רנו,kadjar,קדג'אר,2015,,5,114.3,66.1,,,import,,2025-12-11 20:13:33.027785+00,2025-12-22 10:59:52.17119+00,קדג'אר,,
23936d43-1c2b-4155-bebe-5f13a1fe3735,rolls-royce,רולס רויס,ghost,גוסט,2010,2020,5,120.0,74.1,,,import,,2025-12-14 11:11:09.728549+00,2025-12-14 11:11:09.728549+00,,,
171e61f5-d478-4a72-a8a0-964e385b2bc5,rolls-royce,רולס רויס,ghost,גוסט,2021,,5,120.0,74.1,,,import,,2025-12-14 11:11:09.728549+00,2025-12-14 11:11:09.728549+00,,,
bd6b49e4-1a93-429d-950f-737d159fc5d6,rolls-royce,רולס רויס,wraith,רייית,2014,,5,120.0,74.1,,,import,,2025-12-14 11:11:09.728549+00,2025-12-14 11:11:09.728549+00,,,
dc339921-a0ee-4e57-87b9-ca065992354c,rolls-royce,רולס רויס,dawn,דון,2016,,5,120.0,74.1,,,import,,2025-12-14 11:11:09.728549+00,2025-12-14 11:11:09.728549+00,,,
ef07b502-3f44-4b0e-a70d-94e32206593b,rolls-royce,רולס רויס,cullinan,קולינן,2019,,5,120.0,74.1,,,import,,2025-12-14 11:11:09.728549+00,2025-12-14 11:11:09.728549+00,,,
e1f213fb-8245-4bf8-9462-52982079d63f,rolls-royce,רולס רויס,phantom,פנטום,2003,2016,5,120.0,74.1,,,import,,2025-12-14 11:11:09.728549+00,2025-12-14 11:11:09.728549+00,,,
00832e39-858e-41ac-9923-7a1e16c16db7,rolls-royce,רולס רויס,phantom,פנטום,2017,,5,120.0,74.1,,,import,,2025-12-14 11:11:09.728549+00,2025-12-14 11:11:09.728549+00,,,
01287ffc-a614-4f5b-8ce3-4c8df3e5a952,seat,סיאט,ibiza,איביזה,2002,2017,5,100.0,57.1,,,import,,2025-12-11 20:13:33.027785+00,2025-12-22 10:59:52.17119+00,איביזה,,
306d4ced-76c8-4754-91f9-d6fb399f36cb,seat,סיאט,ibiza,איביזה,2017,,5,100.0,57.1,,,import,,2025-12-11 20:13:33.027785+00,2025-12-22 10:59:52.17119+00,איביזה,,
6449c8a9-1a59-4125-977c-b4225f8d7617,seat,סיאט,leon,לאון,2012,,5,112.0,57.1,,,import,,2025-12-11 20:13:33.027785+00,2025-12-22 10:59:52.17119+00,לאון,,
04a9489f-ead1-4da3-912f-4b7bc2bd37c2,seat,סיאט,leon,לאון,2005,2012,5,100.0,57.1,,,import,,2025-12-11 20:13:33.027785+00,2025-12-22 10:59:52.17119+00,לאון,,
6ad2b4a6-14ab-4ab9-ab06-aa1365a5b9e3,seat,סיאט,arona,ארונה,2017,,5,100.0,57.1,,,import,,2025-12-11 20:13:33.027785+00,2025-12-22 10:59:52.17119+00,ארונה,,
75abad68-e77d-4169-ae3f-e00e757b794f,seat,סיאט,ateca,אטקה,2016,,5,112.0,57.1,,,import,,2025-12-11 20:13:33.027785+00,2025-12-22 10:59:52.17119+00,אטקה,,
03d11e06-facb-4ba3-8d43-375265ae4419,skoda,סקודה,rapid,rapid,2012,,5,100.0,57.1,,,import,,2025-12-11 20:13:33.027785+00,2025-12-22 10:53:00.760011+00,,,
72e88c5c-b027-48ed-9cf3-c80e99fe3f71,skoda,סקודה,fabia,פאביה,1999,,5,100.0,57.1,,,import,,2025-12-11 20:13:33.027785+00,2025-12-22 10:59:52.17119+00,פאביה,,
5c7dd1cd-0ae6-4ea7-bce0-c9e37faccfae,skoda,סקודה,octavia,אוקטביה,1996,2012,5,100.0,57.1,,,import,,2025-12-11 20:13:33.027785+00,2025-12-22 10:59:52.17119+00,אוקטביה,,
0784f51c-e6d8-4089-a5e1-61f5f5303923,skoda,סקודה,octavia,אוקטביה,2013,,5,112.0,57.1,,,import,,2025-12-11 20:13:33.027785+00,2025-12-22 10:59:52.17119+00,אוקטביה,,
c27d891c-f0a6-4312-91c4-5024a1b090e5,skoda,סקודה,superb,סופרב,2008,,5,112.0,57.1,,,import,,2025-12-11 20:13:33.027785+00,2025-12-22 10:59:52.17119+00,סופרב,,
3e662c87-84b4-4f87-99fc-510a92118cde,skoda,סקודה,karoq,קארוק,2017,,5,112.0,57.1,,,import,,2025-12-11 20:13:33.027785+00,2025-12-22 10:59:52.17119+00,קארוק,,
4b42cbcc-e05c-4b8a-936d-56b66e3bdb12,skoda,סקודה,kodiaq,קודיאק,2016,,5,112.0,57.1,,,import,,2025-12-11 20:13:33.027785+00,2025-12-22 10:59:52.17119+00,קודיאק,,
f67c7d7b-8efc-4536-8b1d-e124beae9140,skoda,סקודה,scala,סקאלה,2019,,5,100.0,57.1,,,import,,2025-12-11 20:13:33.027785+00,2025-12-22 10:14:42.713511+00,סקאלה,,
6708190c-bece-4c9f-aae3-6e9ae492f82b,ssangyong,סאנגיונג ד.קור,rodius,rodius,2011,,5,130.0,84.1,16,225/65R16,manual,0548461289,2025-12-11 21:16:02.807197+00,2025-12-22 10:53:00.760011+00,,,
dda4577b-aecf-42cb-9117-98e312d6f006,ssangyong,סאנגיונג,korando,korando,2010,,5,112.0,66.5,,,import,,2025-12-11 20:13:33.027785+00,2025-12-22 10:53:00.760011+00,,,
7d66a0e6-33f1-447c-9fe4-11379e19775b,ssangyong,סאנגיונג,tivoli,tivoli,2015,,5,112.0,66.5,,,import,,2025-12-11 20:13:33.027785+00,2025-12-22 10:53:00.760011+00,,,
e9c24526-1adf-4712-b7b3-08c6eed87ece,ssangyong,סאנגיונג,rexton,rexton,2003,,6,139.7,92.3,,,import,,2025-12-11 20:13:33.027785+00,2025-12-22 10:53:00.760011+00,,,
156735cc-17c7-4906-bb11-8a90653b16e6,ssangyong,סאנגיונג,actyon,actyon,2006,2015,5,130.0,84.1,,,import,,2025-12-11 20:13:33.027785+00,2025-12-22 10:53:00.760011+00,,,
9635ae8f-5ae3-4a5d-844d-109cedb5e287,subaru,סובארו,xv,crosstrek|xv crosstrek,2012,,5,100.0,56.1,,,import,,2025-12-11 20:13:33.027785+00,2025-12-11 20:13:33.027785+00,,,
94dd122f-12da-4de5-8dfd-438ad1ddcf70,subaru,סובארו,wrx,wrx,2002,2014,5,100.0,56.1,,,import,,2025-12-11 20:13:33.027785+00,2025-12-22 10:53:00.760011+00,,,
239476ac-12c5-46e8-9368-b8848d8c6f8a,subaru,סובארו,wrx,wrx,2015,,5,114.3,56.1,,,import,,2025-12-11 20:13:33.027785+00,2025-12-22 10:53:00.760011+00,,,
786bd36a-2705-4cfc-95d2-efd0d2eef2f9,subaru,סובארו,brz,brz,2012,,5,100.0,56.1,,,import,,2025-12-11 20:13:33.027785+00,2025-12-22 10:53:00.760011+00,,,
81aecb15-aade-4062-82a6-6342b4addc20,subaru,סובארו,impreza,אימפרזה,1992,,5,100.0,56.1,,,import,,2025-12-11 20:13:33.027785+00,2025-12-22 10:59:52.17119+00,אימפרזה,,
86628a86-184d-490f-ae55-60539d5a87bf,subaru,סובארו,forester,פורסטר,1997,2014,5,100.0,56.1,,,import,,2025-12-11 20:13:33.027785+00,2025-12-22 10:59:52.17119+00,פורסטר,,
db8da646-3141-4257-a844-af99a21a78e1,subaru,סובארו,forester,פורסטר,2015,,5,114.3,56.1,,,import,,2025-12-11 20:13:33.027785+00,2025-12-22 10:59:52.17119+00,פורסטר,,
9f86553e-47f9-4135-b931-29a512c52545,subaru,סובארו,outback,אאוטבק,1994,2014,5,100.0,56.1,,,import,,2025-12-11 20:13:33.027785+00,2025-12-22 10:59:52.17119+00,אאוטבק,,
e9720a92-88d0-4855-9d6a-a51e04a30b56,subaru,סובארו,outback,אאוטבק,2015,,5,114.3,56.1,,,import,,2025-12-11 20:13:33.027785+00,2025-12-22 10:59:52.17119+00,אאוטבק,,
56dfa084-3099-4f45-8dcf-c07ee14cb587,subaru,סובארו,legacy,לגאסי,1989,2014,5,100.0,56.1,,,import,,2025-12-11 20:13:33.027785+00,2025-12-22 10:14:42.713511+00,לגאסי,,
81ccfdb9-95bf-4faa-9bb9-f7ad567141f2,subaru,סובארו,legacy,לגאסי,2015,,5,114.3,56.1,,,import,,2025-12-11 20:13:33.027785+00,2025-12-22 10:14:42.713511+00,לגאסי,,
c5c31fb0-8805-4752-aeff-64df780976fb,suzuki,סוזוקי,baleno,בלנו,2016,,4,100.0,54.1,,,import,,2025-12-11 20:13:33.027785+00,2025-12-22 10:59:52.17119+00,בלנו,,
260a5e66-32fa-4355-8f46-800444c2432a,suzuki,סוזוקי,vitara,ויטרה,2015,,5,114.3,60.1,,,import,,2025-12-11 20:13:33.027785+00,2025-12-22 10:59:52.17119+00,ויטרה,,
025d52fd-e2aa-4c07-92fb-072edef2a4a0,suzuki,סוזוקי,ignis,איגניס,2016,,4,100.0,54.1,,,import,,2025-12-11 20:13:33.027785+00,2025-12-22 10:59:52.17119+00,איגניס,,
30dd9f98-323f-400f-bc8f-ee9e0d8f4ac0,suzuki,סוזוקי,swift,סוויפט,2004,,4,100.0,54.1,,,import,,2025-12-11 20:13:33.027785+00,2025-12-22 10:59:52.17119+00,סוויפט,,
36da92da-056f-4252-bdc4-5ffbd4665148,suzuki,סוזוקי,s-cross,sx4|scross,2013,,5,114.3,60.1,,,import,,2025-12-11 20:13:33.027785+00,2025-12-11 20:13:33.027785+00,,,
d6d160a6-1a82-46a1-b611-040580c8091c,tesla,טסלה,model 3,מודל 3,2017,,5,114.3,64.1,,,import,,2025-12-11 20:13:33.027785+00,2025-12-22 10:59:52.17119+00,,,
16da3761-b5b9-494a-85d6-3cf066006496,tesla,טסלה,model y,מודל Y,2020,,5,114.3,64.1,,,import,,2025-12-11 20:13:33.027785+00,2025-12-22 10:59:52.17119+00,,,
fe4f46bf-0d1d-4fbf-ab08-5c8e362284e5,tesla,טסלה,model s,מודל S,2012,,5,120.0,64.1,,,import,,2025-12-11 20:13:33.027785+00,2025-12-22 10:59:52.17119+00,,,
ee7bff6b-2d11-40e3-aec4-0a32e28ae557,tesla,טסלה,model x,מודל X,2015,,5,120.0,64.1,,,import,,2025-12-11 20:13:33.027785+00,2025-12-22 10:59:52.17119+00,,,
e384e26a-5314-4fcd-a62f-f68fc4341c2d,toyota,טויוטה,corolla,קורולה,2019,,5,100.0,54.1,,,import,,2025-12-11 20:13:33.027785+00,2025-12-22 10:59:52.17119+00,קורולה,,
ceb4d0eb-3650-4dba-95e1-3d8bb49433e8,toyota,טויוטה,corolla,קורולה,1983,2006,4,100.0,54.1,,,import,,2025-12-11 20:13:33.027785+00,2025-12-22 10:59:52.17119+00,קורולה,,
234b69ab-8495-4b64-bfaf-aace746a0124,toyota,טויוטה,yaris,יאריס,2020,,5,100.0,54.1,,,import,,2025-12-11 20:13:33.027785+00,2025-12-22 10:59:52.17119+00,יאריס,,
ca9dad79-6d06-4d8f-b11d-0ce64857720a,toyota,טויוטה,yaris,יאריס,1999,2020,4,100.0,54.1,,,import,,2025-12-11 20:13:33.027785+00,2025-12-22 10:59:52.17119+00,יאריס,,
07ccde16-c268-4e7d-8fa5-05272f96dcff,toyota,טויוטה,camry,קאמרי,2006,,5,114.3,60.1,,,import,,2025-12-11 20:13:33.027785+00,2025-12-22 10:59:52.17119+00,קאמרי,,
dd8e0caf-7554-491f-980b-b54254aaf8e9,toyota,טויוטה,rav4,ראב4,2006,,5,114.3,60.1,,,import,,2025-12-11 20:13:33.027785+00,2025-12-22 10:59:52.17119+00,ראב4,,
4d02e383-09e3-40de-bf6e-fce087584971,toyota,טויוטה,c-hr,סי-אייצר,2016,,5,114.3,60.1,,,import,,2025-12-11 20:13:33.027785+00,2025-12-22 10:59:52.17119+00,סי-אייצר,,
a4afdf56-da4c-4dfa-aa98-dec39a6e00c7,toyota,טויוטה,land cruiser,לנד קרוזר,2002,,5,150.0,110.1,,,import,,2025-12-11 20:13:33.027785+00,2025-12-22 10:59:52.17119+00,לנד קרוזר,,
ad6a335e-f374-4e4f-85c4-a07797634ab9,toyota,טויוטה,hilux,היילקס,2005,,6,139.7,106.0,,,import,,2025-12-11 20:13:33.027785+00,2025-12-22 10:59:52.17119+00,היילקס,,
5bb6a584-682e-478e-9ea3-4332cec6a4e6,toyota,טויוטה,auris,אוריס,2006,2018,5,114.3,60.1,,,import,,2025-12-11 20:13:33.027785+00,2025-12-22 10:59:52.17119+00,אוריס,,
8b47209e-da56-4878-b5f6-905b33386db8,toyota,טויוטה,verso,ורסו,2009,2018,5,114.3,60.1,,,import,,2025-12-11 20:13:33.027785+00,2025-12-24 21:55:04.888599+00,,,
8feb98d5-5906-40ac-843b-074a89a5bae6,toyota,טויוטה,prius,פריוס,2003,2015,5,100.0,54.1,,,import,,2025-12-11 20:13:33.027785+00,2025-12-22 10:59:52.17119+00,פריוס,,
097487ab-7486-4ebf-ab52-6f21ffb4b321,toyota,טויוטה,prius,פריוס,2016,,5,114.3,60.1,,,import,,2025-12-11 20:13:33.027785+00,2025-12-22 10:59:52.17119+00,פריוס,,
05251e17-8472-4a1b-a65e-c347d4a70ca7,toyota,טויוטה,aygo,אייגו,2005,2014,4,100.0,54.1,,,import,,2025-12-11 20:13:33.027785+00,2025-12-22 10:59:52.17119+00,אייגו,,
c54a565d-03bf-4740-aa37-a3be27d6074b,toyota,טויוטה,aygo,אייגו,2014,,4,100.0,54.1,,,import,,2025-12-11 20:13:33.027785+00,2025-12-22 10:59:52.17119+00,אייגו,,
33caa1f7-d0ed-44d5-931a-7610c325e900,toyota,טויוטה,aygo x,aygox,2022,,4,100.0,54.1,,,import,,2025-12-11 20:13:33.027785+00,2025-12-11 20:13:33.027785+00,,,
a522dc13-d6c7-4dea-96e5-05b1e8a56a99,toyota,טויוטה,bz4x,bz4x,2022,,5,114.3,60.1,,,import,,2025-12-11 20:13:33.027785+00,2025-12-22 10:53:00.760011+00,,,
aaa9bfe8-0eaf-4ca8-bb6a-5f5656f79f95,toyota,טויוטה,highlander,היילנדר,2007,,5,114.3,60.1,,,import,,2025-12-11 20:13:33.027785+00,2025-12-22 10:59:52.17119+00,היילנדר,,
361d7cb5-1367-40a0-bab9-c492c1e90d77,toyota,טויוטה,supra,סופרה,1993,2002,5,114.3,60.1,,,import,,2025-12-14 11:11:09.728549+00,2025-12-14 11:11:09.728549+00,,,
499c5ea7-a9d8-4fe9-8ab8-d55b2c9a7db0,toyota,טויוטה,supra,סופרה,2019,,5,112.0,66.5,,,import,,2025-12-14 11:11:09.728549+00,2025-12-14 11:11:09.728549+00,,,
21aae9b1-7dc2-431c-afcd-04c6dd272549,toyota,טויוטה,4runner,4 ראנר|פור ראנר,2010,,6,139.7,106.1,,,import,,2025-12-14 11:11:09.728549+00,2025-12-14 11:11:09.728549+00,,,
3962c22d-a763-4af1-be05-c7fcd7013fcb,toyota,טויוטה,sequoia,סקויה,2008,,5,150.0,110.1,,,import,,2025-12-14 11:11:09.728549+00,2025-12-14 11:11:09.728549+00,,,
f076c41e-c8d5-494a-8a23-f7d667d8590f,toyota,טויוטה,tundra,טונדרה,2007,2021,5,150.0,110.1,,,import,,2025-12-14 11:11:09.728549+00,2025-12-14 11:11:09.728549+00,,,
e361e190-8618-4679-80f7-331cbbbc8349,toyota,טויוטה,tundra,טונדרה,2022,,6,139.7,106.1,,,import,,2025-12-14 11:11:09.728549+00,2025-12-14 11:11:09.728549+00,,,
dc532d38-c047-4938-a08c-bde724b78b25,toyota,טויוטה,tacoma,טאקומה,2005,2015,6,139.7,106.1,,,import,,2025-12-14 11:11:09.728549+00,2025-12-14 11:11:09.728549+00,,,
e4c8f86e-d656-4a0c-8c69-e13b5710a955,toyota,טויוטה,tacoma,טאקומה,2016,,6,139.7,106.1,,,import,,2025-12-14 11:11:09.728549+00,2025-12-14 11:11:09.728549+00,,,
750d87c2-2383-4573-b8f9-cf26373d005f,toyota,טויוטה,sienna,סיאנה,2011,2020,5,114.3,60.1,,,import,,2025-12-14 11:11:09.728549+00,2025-12-14 11:11:09.728549+00,,,
5e468a58-2db6-49a5-ba8c-b6355aeb9945,toyota,טויוטה,sienna,סיאנה,2021,,5,114.3,60.1,,,import,,2025-12-14 11:11:09.728549+00,2025-12-14 11:11:09.728549+00,,,
e4b4127f-6382-422e-b83f-42504a13eae2,toyota,טויוטה,venza,ונזה,2009,2015,5,114.3,60.1,,,import,,2025-12-14 11:11:09.728549+00,2025-12-14 11:11:09.728549+00,,,
71aa9538-1c3f-4ed8-b345-1acbbb4d949a,toyota,טויוטה,venza,ונזה,2021,,5,114.3,60.1,,,import,,2025-12-14 11:11:09.728549+00,2025-12-14 11:11:09.728549+00,,,
c1e2ff2a-c9bf-47c1-8d20-79e61a7f9450,toyota,טויוטה,gr86,ג'י.אר 86|gr-86,2022,,5,100.0,56.1,,,import,,2025-12-14 11:11:09.728549+00,2025-12-14 11:11:09.728549+00,,,
90632d63-8b8e-415a-93ac-f54789c9d31c,toyota,טויוטה,86,אף.טי 86|ft86,2012,2020,5,100.0,56.1,,,import,,2025-12-14 11:11:09.728549+00,2025-12-14 11:11:09.728549+00,,,
e8447365-46bb-4af9-a566-81630bb60a2d,toyota,טויוטה,fortuner,פורטונר,2005,,6,139.7,106.1,,,import,,2025-12-14 11:11:09.728549+00,2025-12-14 11:11:09.728549+00,,,
ec67f688-7240-4b7c-a8e4-cfb98b5d384e,toyota,טויוטה,fj cruiser,אף.ג'י קרוזר,2006,2014,6,139.7,106.1,,,import,,2025-12-14 11:11:09.728549+00,2025-12-14 11:11:09.728549+00,,,
45eb9bfe-3532-4643-ae54-b57d0d2c2bc9,toyota,טויוטה,alphard,אלפארד,2015,,5,114.3,60.1,,,import,,2025-12-14 11:11:09.728549+00,2025-12-14 11:11:09.728549+00,,,
f75da6bf-1616-4230-b5f0-39d60b77c99a,toyota,טויוטה,vellfire,וולפייר,2015,,5,114.3,60.1,,,import,,2025-12-14 11:11:09.728549+00,2025-12-14 11:11:09.728549+00,,,
b3fc81bd-a008-4372-ac27-f5a5db947cfd,toyota,טויוטה,crown,קראון,2018,,5,114.3,60.1,,,import,,2025-12-14 11:11:09.728549+00,2025-12-14 11:11:09.728549+00,,,
5b9de0ba-7e52-4519-8c72-6521c95b5a61,toyota,טויוטה,mark x,מארק x,2004,2019,5,114.3,60.1,,,import,,2025-12-14 11:11:09.728549+00,2025-12-14 11:11:09.728549+00,,,
38243175-2bd5-4cc6-af84-7c4390f33ee2,toyota,טויוטה,proace,פרואייס,2016,,5,108.0,65.1,,,import,,2025-12-14 11:11:09.728549+00,2025-12-14 11:11:09.728549+00,,,
193058c2-cadb-49d9-9b7f-c7db0412e5a9,toyota,טויוטה,corolla cross,קורולה קרוס,2022,,5,114.3,60.1,,,import,,2025-12-14 11:11:09.728549+00,2025-12-14 11:11:09.728549+00,,,
e8d54bf3-348e-4053-8b53-ef0e729cb477,toyota,טויוטה,gr corolla,ג'י.אר קורולה,2023,,5,114.3,60.1,,,import,,2025-12-14 11:11:09.728549+00,2025-12-14 11:11:09.728549+00,,,
9c76b694-d624-4f44-8314-fef2253d5404,toyota,טויוטה,mirai,מיראי,2015,2020,5,114.3,60.1,,,import,,2025-12-14 11:11:09.728549+00,2025-12-14 11:11:09.728549+00,,,
475c5372-a3c1-48a7-b0c5-af9c2309d03b,toyota,טויוטה,mirai,מיראי,2021,,5,114.3,66.1,,,import,,2025-12-14 11:11:09.728549+00,2025-12-14 11:11:09.728549+00,,,
08a725fd-1b34-4f4f-850f-23a87e4bf4c1,toyota,טויוטה,urban cruiser,אורבן קרוזר,2009,2016,4,100.0,54.1,,,import,,2025-12-14 11:11:09.728549+00,2025-12-14 11:11:09.728549+00,,,
df165062-b0bb-4f4f-9f2d-b7b2dc518766,toyota,טויוטה,ist,איסט,2007,2016,4,100.0,54.1,,,import,,2025-12-14 11:11:09.728549+00,2025-12-14 11:11:09.728549+00,,,
9d906c16-f261-4d12-a85b-ee50319814ee,toyota,טויוטה,iq,אי.קיו,2008,2015,4,100.0,54.1,,,import,,2025-12-14 11:11:09.728549+00,2025-12-14 11:11:09.728549+00,,,
06890f86-465c-4d9b-ac34-8842cdb4e94e,toyota,טויוטה,celica,צ'ליקה,1999,2006,5,100.0,54.1,,,import,,2025-12-14 11:11:09.728549+00,2025-12-14 11:11:09.728549+00,,,
bf700168-194a-4621-9c28-a2ca710a9380,toyota,טויוטה,mr2,אם.אר.2,1999,2007,4,100.0,54.1,,,import,,2025-12-14 11:11:09.728549+00,2025-12-14 11:11:09.728549+00,,,
d226e208-1178-4ca3-82d4-667d5fd65a66,toyota,טויוטה,matrix,מטריקס,2003,2014,5,100.0,54.1,,,import,,2025-12-14 11:11:09.728549+00,2025-12-14 11:11:09.728549+00,,,
7c248eb6-3d67-441b-a400-db13437cef48,toyota,טויוטה,previa,פרוויה,2000,2019,5,114.3,60.1,,,import,,2025-12-14 11:11:09.728549+00,2025-12-14 11:11:09.728549+00,,,
f27f518e-0e57-4470-a932-1feaf7a8462f,toyota,טויוטה,estima,אסטימה,2000,2019,5,114.3,60.1,,,import,,2025-12-14 11:11:09.728549+00,2025-12-14 11:11:09.728549+00,,,
82262215-076c-4133-9c3b-1706e3c3444b,toyota,טויוטה,wish,וויש,2003,2017,5,100.0,54.1,,,import,,2025-12-14 11:11:09.728549+00,2025-12-14 11:11:09.728549+00,,,
5a787292-2263-4d48-b093-5694e382fa1e,toyota,טויוטה,noah,נח,2014,,5,114.3,60.1,,,import,,2025-12-14 11:11:09.728549+00,2025-12-14 11:11:09.728549+00,,,
0e00a0e2-755a-4929-9bef-c9a2d5ffc222,toyota,טויוטה,voxy,ווקסי,2014,,5,114.3,60.1,,,import,,2025-12-14 11:11:09.728549+00,2025-12-14 11:11:09.728549+00,,,
072e9c3b-36f5-4ddd-b19e-79795eecc121,toyota,טויוטה,harrier,הארייר,2003,,5,114.3,60.1,,,import,,2025-12-14 11:11:09.728549+00,2025-12-14 11:11:09.728549+00,,,
f37ea64d-8be5-45b7-8382-b058f491c309,toyota,טויוטה,rush,ראש,2006,,5,114.3,60.1,,,import,,2025-12-14 11:11:09.728549+00,2025-12-14 11:11:09.728549+00,,,
b8512c2b-819f-4472-906c-a330ece68556,toyota,טויוטה,yaris cross,יאריס קרוס,2020,,5,114.3,60.1,,,import,,2025-12-14 11:11:09.728549+00,2025-12-14 11:11:09.728549+00,,,
d30bdfa0-c2a1-489e-acae-017f8c77ec9a,toyota,טויוטה,gr yaris,ג'י.אר יאריס,2020,,5,114.3,60.1,,,import,,2025-12-14 11:11:09.728549+00,2025-12-14 11:11:09.728549+00,,,
f443493d-6984-4939-9032-65c185b8d086,toyota,טויוטה,prado,פראדו,2002,,6,139.7,106.1,,,import,,2025-12-14 11:11:09.728549+00,2025-12-14 11:11:09.728549+00,,,
077e269f-fa34-4daf-b170-14077957ac43,toyota,טויוטה,prius plus,פריוס פלוס|prius v|prius+,2011,2021,5,114.3,60.1,,,import,,2025-12-14 11:11:09.728549+00,2025-12-14 11:11:09.728549+00,,,
8a00c2ed-4cfd-470f-a0c3-17c69a819b96,toyota,טויוטה,prius c,פריוס סי|aqua,2012,2019,4,100.0,54.1,,,import,,2025-12-14 11:11:09.728549+00,2025-12-14 11:11:09.728549+00,,,
56b5710d-8dd4-4cc4-8a29-3e1d4d0bbb09,toyota,טויוטה,prius prime,פריוס פריים|prius phv,2017,,5,114.3,60.1,,,import,,2025-12-14 11:11:09.728549+00,2025-12-14 11:11:09.728549+00,,,
a5ab50be-6373-4173-8ac9-1b7150a6e804,toyota,טויוטה,camry hybrid,קאמרי היברידי,2007,,5,114.3,60.1,,,import,,2025-12-14 11:11:09.728549+00,2025-12-14 11:11:09.728549+00,,,
555b8deb-03f4-4800-9759-4e807d92d07a,toyota,טויוטה,avalon,אבלון,2005,,5,114.3,60.1,,,import,,2025-12-14 11:11:09.728549+00,2025-12-14 11:11:09.728549+00,,,
19cd72c6-199d-42a8-ad92-9ef900427e36,toyota,טויוטה,land cruiser 300,לנד קרוזר 300,2021,,5,150.0,110.1,,,import,,2025-12-14 11:11:09.728549+00,2025-12-14 11:11:09.728549+00,,,
5868bfd2-1fa1-42b5-b906-4fab7ca60db3,toyota,טויוטה,land cruiser prado,לנד קרוזר פראדו,2002,,6,139.7,106.1,,,import,,2025-12-14 11:11:09.728549+00,2025-12-14 11:11:09.728549+00,,,
b516fa50-5c9a-4d56-b073-6829cbf819cb,toyota,טויוטה,rav4 hybrid,ראב 4 היברידי,2016,,5,114.3,60.1,,,import,,2025-12-14 11:11:09.728549+00,2025-12-14 11:11:09.728549+00,,,
553344e4-2006-48f8-9803-1fda9d1ac685,toyota,טויוטה,rav4 prime,ראב 4 פריים|rav4 phv,2021,,5,114.3,60.1,,,import,,2025-12-14 11:11:09.728549+00,2025-12-14 11:11:09.728549+00,,,
aac53b51-ce60-4d2a-8a3e-4938fc92f6af,toyota,טויוטה,corolla hybrid,קורולה היברידי,2019,,5,100.0,54.1,,,import,,2025-12-14 11:11:09.728549+00,2025-12-14 11:11:09.728549+00,,,
b6a60408-7c08-4542-ae0d-3ac5190fbb9c,toyota,טויוטה,yaris hybrid,יאריס היברידי,2012,,4,100.0,54.1,,,import,,2025-12-14 11:11:09.728549+00,2025-12-14 11:11:09.728549+00,,,
6b211007-7afa-476a-8a49-9627499cd0da,toyota,טויוטה,c-hr hybrid,סי.אייץ'.אר היברידי,2016,,5,114.3,60.1,,,import,,2025-12-14 11:11:09.728549+00,2025-12-14 11:11:09.728549+00,,,
105f541f-fea7-4427-94a3-5e82ac67ab24,toyota,טויוטה,highlander hybrid,היילנדר היברידי,2007,,5,114.3,60.1,,,import,,2025-12-14 11:11:09.728549+00,2025-12-14 11:11:09.728549+00,,,
03c5c28b-93ed-4225-af55-39cea430e34f,toyota,טויוטה,camry xv70,קאמרי xv70,2018,,5,114.3,60.1,,,import,,2025-12-14 11:11:09.728549+00,2025-12-14 11:11:09.728549+00,,,
08336ea6-cf0e-42ee-9222-d5e344f12c32,toyota,טויוטה,camry xv50,קאמרי xv50,2011,2017,5,114.3,60.1,,,import,,2025-12-14 11:11:09.728549+00,2025-12-14 11:11:09.728549+00,,,
9ad70cf1-8ae9-456f-8630-cef8ffa1a049,toyota,טויוטה,camry xv40,קאמרי xv40,2006,2011,5,114.3,60.1,,,import,,2025-12-14 11:11:09.728549+00,2025-12-14 11:11:09.728549+00,,,
005f7b59-41ae-415b-b1a0-96a5dce91cf7,toyota,טויוטה,century,סנצ'ורי,2018,,5,114.3,60.1,,,import,,2025-12-14 11:11:09.728549+00,2025-12-14 11:11:09.728549+00,,,
bf8b338e-2136-440f-a3df-0bd3f584c0d8,toyota,טויוטה,granvia,גרנביה,2019,,5,114.3,60.1,,,import,,2025-12-14 11:11:09.728549+00,2025-12-14 11:11:09.728549+00,,,
23a1a202-b98e-4fdd-bac0-62960af26fc5,toyota,טויוטה,hiace,היאייס,2004,,6,139.7,106.1,,,import,,2025-12-14 11:11:09.728549+00,2025-12-14 11:11:09.728549+00,,,
75ea3129-d0ed-4668-9f3d-6dc7f5f5be77,toyota,טויוטה,proace city,פרואייס סיטי,2019,,4,108.0,65.1,,,import,,2025-12-14 11:11:09.728549+00,2025-12-14 11:11:09.728549+00,,,
d0f07a03-40bd-4f76-995b-24c7857e3329,toyota,טויוטה,proace verso,פרואייס ורסו,2016,,5,108.0,65.1,,,import,,2025-12-14 11:11:09.728549+00,2025-12-14 11:11:09.728549+00,,,
ffe620d8-583c-4b8c-a1c9-909fc9630d29,toyota,טויוטה,corolla,קורולה,2007,2018,5,114.3,60.1,,,import,,2025-12-11 20:13:33.027785+00,2025-12-22 10:59:52.17119+00,קורולה,,
70d33c0c-cd24-4463-876c-db0df013896d,toyota,טויוטה,avensis,אבנסיס,2003,2018,5,114.3,60.1,,,import,,2025-12-11 20:13:33.027785+00,2025-12-22 10:14:42.713511+00,אבנסיס,,
a8264c95-b83b-436d-bc3e-a3ba7b9bb77e,volkswagen,פולקסווגן,t-roc,טי-רוק,2017,,5,112.0,57.1,,,import,,2025-12-11 20:13:33.027785+00,2025-12-22 10:59:52.17119+00,טי-רוק,,
03bc5d00-1d9e-44c5-8a1d-a546cea5df45,volkswagen,פולקסווגן,t-cross,tcross|t cross,2018,,5,100.0,57.1,,,import,,2025-12-11 20:13:33.027785+00,2025-12-11 20:13:33.027785+00,,,
b731551b-ce80-4176-b79e-338641f54fa9,volkswagen,פולקסווגן,golf,גולף,1997,2003,5,100.0,57.1,,,import,,2025-12-11 20:13:33.027785+00,2025-12-22 10:59:52.17119+00,גולף,,
b047b63c-4052-4d77-aa7a-cd64eb937385,volkswagen,פולקסווגן,golf,גולף,2003,,5,112.0,57.1,,,import,,2025-12-11 20:13:33.027785+00,2025-12-22 10:59:52.17119+00,גולף,,
c8bf9a59-bb2c-4945-beab-3bb3408e14bd,volkswagen,פולקסווגן,polo,פולו,2002,,5,100.0,57.1,,,import,,2025-12-11 20:13:33.027785+00,2025-12-22 10:59:52.17119+00,פולו,,
899efc5a-8265-4056-aa4c-85911f4e3273,volkswagen,פולקסווגן,passat,פאסאט,1997,,5,112.0,57.1,,,import,,2025-12-11 20:13:33.027785+00,2025-12-22 10:59:52.17119+00,פאסאט,,
ddb9ae8d-c138-4860-94d0-51227ce73b9b,volkswagen,פולקסווגן,tiguan,טיגואן,2007,,5,112.0,57.1,,,import,,2025-12-11 20:13:33.027785+00,2025-12-22 10:59:52.17119+00,טיגואן,,
06e91a1e-e19e-416b-a57a-83c85af0ddd0,volkswagen,פולקסווגן גרמניה,e-up,,2013,,4,100.0,57.1,16,185/50 R16,manual,0583260920,2026-01-04 23:09:43.278089+00,2026-01-04 23:09:43.278089+00,,,
5a3efed2-9ec4-4897-9fcb-1660dda09f2a,volvo,וולוו,v40,v40,2012,2019,5,108.0,63.4,,,import,,2025-12-11 20:13:33.027785+00,2025-12-22 10:53:00.760011+00,,,
8aa464c4-91b6-4668-b4a5-30cdba96f8f5,volvo,וולוו,s40,s40,2004,2012,5,108.0,63.4,,,import,,2025-12-11 20:13:33.027785+00,2025-12-22 10:53:00.760011+00,,,
8962836b-8c98-440f-8151-b76fbf8c68fa,volvo,וולוו,s60,s60,2000,,5,108.0,63.4,,,import,,2025-12-11 20:13:33.027785+00,2025-12-22 10:53:00.760011+00,,,
d39af0ba-712c-42f8-9d24-dcb2ae421cdb,volvo,וולוו,s80,s80,1998,2016,5,108.0,63.4,,,import,,2025-12-11 20:13:33.027785+00,2025-12-22 10:53:00.760011+00,,,
a46aa5a6-dbc1-4aa8-9dbd-b86fde1d955b,volvo,וולוו,s90,s90,2016,,5,108.0,63.4,,,import,,2025-12-11 20:13:33.027785+00,2025-12-22 10:53:00.760011+00,,,
45a1101d-7218-412a-82b1-d1d8cce6d306,volvo,וולוו,v60,v60,2010,,5,108.0,63.4,,,import,,2025-12-11 20:13:33.027785+00,2025-12-22 10:53:00.760011+00,,,
e7952ccc-5e06-4bbc-9e05-e857c7594383,volvo,וולוו,v90,v90,2016,,5,108.0,63.4,,,import,,2025-12-11 20:13:33.027785+00,2025-12-22 10:53:00.760011+00,,,
119a704d-bee4-462c-8754-9328277182b0,volvo,וולוו,xc40,xc40,2017,,5,108.0,63.4,,,import,,2025-12-11 20:13:33.027785+00,2025-12-22 10:53:00.760011+00,,,
7bfe6a20-aa57-4a37-80c2-591e4f2f85ce,volvo,וולוו,xc60,xc60,2008,,5,108.0,63.4,,,import,,2025-12-11 20:13:33.027785+00,2025-12-22 10:53:00.760011+00,,,
e4e58670-e39a-4efb-923e-e62e3812d725,volvo,וולוו,xc90,xc90,2002,,5,108.0,63.4,,,import,,2025-12-11 20:13:33.027785+00,2025-12-22 10:53:00.760011+00,,,
efb5477e-bd3c-496d-8f76-ed29efd50ebd,מיצובישי תאילנ,מיצובישי תאילנ,attrage,,2015,2015,4,100.0,,15,185/55R15,manual,0583260920,2025-12-24 17:48:37.670251+00,2025-12-24 17:48:37.670251+00,,,